country_code,year,edu_educational_attainment_rate,edu_public_expenditure_education,edu_school_enrollment_primary,edu_school_enrollment_secondary,edu_lower_secondary_schools_electricity,edu_out_of_school_children_female,edu_out_of_school_children_male,edu_years_free_primary_secondary,edu_primary_completion_rate,edu_primary_schools_internet,edu_primary_schools_electricity,edu_secondary_schools_internet,edu_upper_secondary_schools_electricity,edu_years_compulsory_education,des_gdp_per_capita,des_densidad_poblacion,des_deflactor_inflacion_gdp,des_tasa_natalidad,des_crecimiento_poblacion_rural,des_poblacion_rural,des_tasa_mortalidad_infantil,des_hdi,elec_electricity_access_total,elec_electricity_access_rural,elec_electricity_access_urban,elec_electricity_consumption,elec_gdp_per_unit_energy_use
ABW,2023,96.48063659667967,,,,,,,11.0,,,,,,11.0,35718.7531191634,596.438888888889,7.10903726756209,7.973,0.166100822282021,40973.0,,,100.0,100.0,100.0,,
AFG,2023,,,,,,,,12.0,,,,,,9.0,413.757894705303,63.5585008355948,2.92366213121669,35.437,2.02947825567516,30894968.0,50.4,0.496,85.3,81.4,96.0,,
AGO,2023,,2.51273663315785,86.7353918783767,51.4839046246776,,1142017.0,1139895.0,9.0,47.8556786596463,,,,,9.0,2916.13663284275,29.4777460495709,17.9292334566891,37.588,0.458858798452888,11079544.0,38.3,0.616,51.1,,77.9,,
ALB,2023,99.27999877929688,3.09153008460998,93.7138120137738,96.1368771236947,100.0,10813.0,6226.0,12.0,95.1351520460518,,,,100.0,9.0,9730.86921906893,100.21795620438,5.73390704564409,10.244,-2.36825837676933,1008836.0,8.3,0.81,100.0,100.0,100.0,2539.71999714491,21.9341627044775
AND,2023,,1.89867997169495,97.4446725986767,99.5086517333984,100.0,,,10.0,69.4174757281553,100.0,100.0,100.0,100.0,10.0,46812.4261013102,172.034042553191,6.29560082401824,6.859,0.855418202886056,9040.0,2.5,0.913,100.0,100.0,100.0,,
ARE,2023,93.79000091552734,,106.259950303562,101.944972436447,100.0,312.0,607.0,12.0,99.1737916980463,100.0,100.0,100.0,100.0,12.0,49850.6872175164,147.616882568291,-2.02054900725329,9.774,2.91298761379646,1502524.0,4.0,0.94,100.0,100.0,100.0,,
ARG,2023,,5.89754023690244,102.535244031037,105.574584297051,92.9935604601244,,,12.0,98.9436486948575,64.75566855908885,97.68381456584584,71.81093394077449,93.02696006135332,12.0,14261.8465667948,16.6399559321662,136.742358437599,11.064,-0.753967093261385,3554494.0,8.2,0.865,100.0,100.0,100.0,2821.77233232234,14.8632109717379
ARM,2023,99.6526870727539,2.43869996070862,98.0899878191202,89.4111027634947,100.0,3891.0,1698.0,12.0,94.3309098054628,100.0,100.0,100.0,100.0,12.0,8159.08720967996,105.119108748259,3.10027629995311,12.3,-0.552810244518958,1016883.0,8.9,0.811,100.0,100.0,100.0,,
ATG,2023,99.3842820562061,3.10505161832136,112.255406797116,108.880778588808,100.0,,,11.0,,,100.0,,100.0,11.0,21494.5474000727,212.081818181818,4.91194084907252,11.848,0.591818719338182,70500.0,7.3,0.851,100.0,100.0,100.0,,
AUS,2023,99.4919273180723,,99.3657531738281,134.099243164062,,1110.0,3609.0,13.0,,,,,,11.0,65058.3773146674,3.46499060064846,6.45944110641071,10.8,1.22420601665896,3336037.0,3.1,0.958,100.0,100.0,100.0,9822.50367381981,12.3151953921995
AUT,2023,100.0,,100.902870178223,100.504371643066,,2716.0,2629.0,12.0,98.030403137207,,,,,12.0,56579.504175468,110.661185167232,7.1747129124039,8.5,0.249835075702841,2810159.0,2.6,0.93,100.0,100.0,100.0,7806.05186666624,19.5049628412835
AZE,2023,99.94000244140624,3.66400003433227,101.979698816442,92.7402972401367,100.0,5710.0,3747.0,11.0,96.2334128073598,75.26517716091176,100.0,83.79827880859375,100.0,9.0,7133.02838048328,122.854906231095,-9.32261504785629,11.1,-0.0465341720728934,4213127.0,13.3,0.789,100.0,100.0,100.0,2366.9587760753,12.3027195126062
BDI,2023,,,,,,,,,,,,,,0.0,250.627253097255,533.078271028037,18.9913692679384,33.667,1.12732213399327,10465109.0,31.5,0.439,11.6,2.3,65.0,,
BEL,2023,95.765030263736,,102.108009338379,142.960266113281,,6554.0,6672.0,12.0,,,,,,12.0,55291.4754541329,386.5489276579,5.50779310835875,9.4,0.351059121387102,1466427.0,3.0,0.951,100.0,100.0,100.0,6927.29869794271,15.5749809346994
BEN,2023,,3.22974322056608,,,,,,6.0,,,,,,6.0,1394.17784721831,125.142195814118,3.38561739537163,33.879,0.912929305071873,6809168.0,46.4,0.515,57.0,43.7,70.3,,
BFA,2023,18.7572840446853,5.32757840997187,72.2385948607578,30.8551216331757,43.30708661417323,799663.0,847639.0,10.0,51.6947761170006,0.4225352112676056,31.15023474178404,1.795270153633696,32.65086206896552,10.0,873.482589651003,84.1585380116959,1.96648133830102,31.643,1.56857099773712,16627547.0,44.8,0.459,21.7,2.0,62.6,,
BGD,2023,,2.16213826344701,103.116421399751,65.9856598598849,98.74911202396764,,,5.0,98.0281882152568,79.22969554217919,95.29965977492805,57.82803436375652,98.8241222912817,5.0,2551.01773827307,1319.17979689183,6.89712404003441,20.353,0.510663653596374,116326899.0,24.4,0.685,99.5,99.6,99.5,,
BGR,2023,99.2355703499393,,95.4232177734375,95.6239624023438,,6566.0,7371.0,12.0,94.4560775756836,,,,,9.0,15853.208636704,59.3827929255711,7.99709612160662,8.9,-1.24264933545442,1693375.0,5.0,0.845,100.0,100.0,100.0,5360.50343468088,12.0843139422512
BHR,2023,89.91000366210938,1.88778167912993,93.8998953080421,104.392938701638,100.0,3719.0,4680.0,12.0,88.56187958298,100.0,100.0,100.0,100.0,9.0,29290.1284215098,1971.32375,-4.28437217979031,12.46,,0.0,7.2,0.899,100.0,100.0,100.0,0.0,
BHS,2023,99.0614358584651,2.74191570247934,78.3931934355663,87.1455240465819,,4234.0,4365.0,12.0,,,,,,12.0,38231.774484278,39.9040959040959,6.64011757419027,10.852,0.470209773448896,74610.0,11.4,0.82,100.0,100.0,100.0,,
BIH,2023,91.3951215520506,3.24564826597779,101.194877624512,87.8663787841797,,738.0,2195.0,9.0,100.520736694336,,,,,9.0,8663.02326458629,62.20845703125,7.29122831094762,7.714,-1.73482098987922,1542667.0,5.3,0.804,100.0,100.0,100.0,3676.52483946208,8.67989257517029
BLR,2023,99.8727964322377,4.9514799118042,95.2183631035768,97.4265999006565,100.0,14689.0,11182.0,11.0,94.4563997400778,99.92905285562256,100.0,99.96044303797468,100.0,11.0,7896.75388295584,45.217077292187,8.04676215128896,7.136,-2.1393067520383,1944455.0,1.9,0.824,100.0,100.0,100.0,,
BLZ,2023,,4.23143005371094,97.7874461619187,83.619553808705,,2377.0,2945.0,8.0,96.5262582056893,,,,,8.0,7424.75821321022,18.0230600613766,6.6945920915479,18.025,2.3880921854408,238664.0,10.8,0.721,99.6,99.4,99.8,,
BMU,2023,,1.86510440752276,92.8512496948242,74.3967514038086,,,,13.0,,,,,,13.0,132604.439086216,1198.11111111111,3.84503523133317,8.046,,0.0,,,100.0,100.0,100.0,,
BOL,2023,71.2328109741211,8.31589071412357,98.5726894625786,91.3676827044767,,27126.0,31471.0,12.0,96.2025910226778,,,,,12.0,4274.70820547613,11.3026483891812,0.189137413602765,21.247,0.415638967378448,3561196.0,20.0,0.733,99.8,99.6,99.9,,
BRA,2023,85.2,,,,,,,12.0,,,,,,12.0,10377.5897719195,25.2616884857157,5.15950107501996,12.322,-1.73253623567032,26147729.0,12.5,0.786,99.8,99.0,99.9,2916.48609397384,12.8811085094236
BRB,2023,,3.7754499912262,88.0075687838805,102.513702392578,100.0,1437.0,1395.0,11.0,92.1521279806822,,100.0,,100.0,11.0,25583.878782727,656.595348837209,1.94338334616333,11.173,-0.164840233912927,114562.0,9.3,0.811,100.0,100.0,100.0,,
BRN,2023,91.3909400409159,,96.9292188716198,91.8381544399811,,,,,101.681320376369,,,,,9.0,32890.5491812019,87.0870967741936,-12.8472517283232,13.59,0.613661271050268,115564.0,8.2,0.837,100.0,100.0,100.0,,
BTN,2023,,5.84519004821777,106.687397950258,86.8564415582911,100.0,2949.00020980835,6855.99920272827,11.0,,76.71957671957672,99.20634920634922,100.0,100.0,0.0,3831.32535494609,20.6183796539067,4.40359357659746,12.663,-0.663464181336079,458185.0,18.5,0.698,100.0,100.0,100.0,,
BWA,2023,81.23590850830078,,,,,,,,,,,,,0.0,7826.35376483298,4.37641204806522,1.7390038592787,24.713,0.337998271750929,817953.0,38.2,0.731,76.0,25.0,97.7,,
CAF,2023,,1.82995911310419,,,,,,13.0,,,,,,10.0,495.978897288721,8.27060419275097,3.57480169810107,46.358,0.312252638155548,2900897.0,60.4,,17.6,2.3,37.4,,
CAN,2023,96.3000913076763,,94.9523391723633,104.287643432617,,61693.0,67528.0,12.0,,,,,,10.0,54220.3285039875,4.56079784268436,1.3572659269347,8.8,1.90841913698121,7004566.0,4.4,0.939,100.0,100.0,100.0,14459.8957515769,7.84036499146837
CHE,2023,99.6536888771555,,102.282958984375,102.965591430664,,,,13.0,96.9121017456055,,,,,10.0,100623.549627296,224.960167938804,0.896277329147281,9.0,-0.506596366223382,1316842.0,3.5,,100.0,100.0,100.0,7096.91043961849,32.7690658093571
CHL,2023,92.2210770169089,,100.318382263184,105.83097076416,,16670.0,3563.0,12.0,100.907341003418,,,,,12.0,17067.0364799154,26.4647249005172,6.58777169908957,8.963,-1.02467261259889,2198671.0,6.2,0.878,100.0,100.0,100.0,4322.99269005513,14.4966202304986
CHN,2023,,4.00127983093262,99.1718634239571,,99.4626524390244,,,9.0,,98.6500533138408,99.15770837664384,98.9192057780424,99.51569941076762,9.0,12951.1782397043,150.264001337848,-0.50570453916356,6.39,-1.00632391653804,486269694.0,4.5,0.797,100.0,100.0,100.0,6523.71926193193,7.95774856871017
CIV,2023,,3.42617011070252,91.8093412241399,63.9607557764462,73.00291545189505,347655.0,316365.0,10.0,75.870809116479,,66.62044170518747,,91.29554655870446,10.0,2591.9659048119,98.0052012578616,3.90243671754979,31.99,1.31277979199272,14520851.0,46.6,0.582,72.4,48.0,93.9,,
CMR,2023,,2.83907623667935,114.424832636759,44.840795775403,36.28428927680798,,,6.0,72.2156986466489,,,24.09209589366247,84.89842851667305,6.0,1720.47510154506,60.0213386642973,3.57281742916192,33.743,2.0141559382869,12731197.0,41.2,0.588,72.0,26.0,95.8,,
COD,2023,,,117.602096557617,55.4860992431641,11.69040966033936,,,6.0,75.7079315185547,,9.953689575195312,,11.69040966033936,6.0,660.21205238997,46.6640484329856,11.2860274867788,41.305,2.59275927987299,58845037.0,44.5,,22.1,1.0,55.6,,
COG,2023,,3.34005209256916,87.880241394043,,,84011.0,87114.0,13.0,71.1370697021484,,,,,10.0,2477.97845544866,18.1050805270864,-7.56770228699291,30.627,2.36286039950492,2246695.0,27.6,0.649,51.3,10.8,69.4,,
COL,2023,82.2,,,,,,,11.0,,,,,,11.0,7000.83660501046,47.1574150518251,6.9523623210511,13.475,0.0718334817848117,11366471.0,10.9,0.788,98.7,94.8,100.0,1552.83278166352,21.3102928316198
COM,2023,,2.34146896682989,,,,,,6.0,,,,,,6.0,1560.27378476855,456.951638903815,2.62932529188626,28.653,1.36302793480971,568482.0,35.7,0.603,89.8,86.1,98.3,,
CPV,2023,,4.3482854136693,,,,,,8.0,,,,,,10.0,4794.90121917259,129.610669975186,3.25900393210172,12.33,-3.06117608468991,125848.0,11.0,0.668,98.6,96.9,96.5,,
CRI,2023,84.9,,106.156616210938,125.510070800781,,10864.0,10267.0,11.0,100.666328430176,,,,,11.0,16942.0268119375,99.9906972189581,-0.087922596921004,10.179,-1.60203040938352,1078188.0,9.2,0.833,100.0,100.0,100.0,2206.04149426357,25.342286405768
CUB,2023,,,99.3281733831044,95.5986574273359,100.0,11027.0,13542.0,12.0,93.5789089043173,35.51709929954676,100.0,73.03579711914062,100.0,9.0,,106.165038535645,33.5551619344254,8.706,-0.450406369910594,2520700.0,6.6,0.762,100.0,100.0,100.0,,
CUW,2023,,5.30074159005788,109.168144897769,123.429739994157,,165.0,201.0,,,,,,,12.0,21217.8110321785,350.900900900901,2.40355185282874,7.5,0.785739914387794,13288.0,,,100.0,100.0,100.0,,
CYM,2023,,1.57024002075195,101.441241685144,86.0370923044127,100.0,,,12.0,102.59067357513,100.0,100.0,100.0,100.0,11.0,99143.5180243123,304.325,2.74928086144881,11.838,,0.0,,,100.0,100.0,100.0,,
CYP,2023,97.1161650358433,,98.5918273925781,102.400848388672,,,,12.0,98.4943389892578,,,,,9.0,36623.69140625,145.560173160173,5.60170328445425,10.799,1.00316991861147,448227.0,2.9,0.913,100.0,100.0,100.0,3841.70423858864,20.840649392174
CZE,2023,99.8862949448944,,99.699089050293,97.6154174804688,,2259.0,2441.0,13.0,98.7293701171875,,,,,9.0,31761.5944102491,140.785547662605,8.59789006156055,8.4,1.64135444268718,2962055.0,2.1,,100.0,100.0,100.0,5965.3672178366,13.5519218995184
DEU,2023,100.0,,102.190689086914,100.603057861328,100.0,,,13.0,99.2837371826172,,100.0,,100.0,13.0,54776.7668235491,240.110817617262,6.6911238945853,8.3,-0.511028232957021,15072134.0,3.1,0.959,100.0,100.0,100.0,5903.70258855688,21.5283947281842
DJI,2023,,,,,95.1219482421875,,,12.0,,43.05556106567383,81.48148345947266,83.57142639160156,91.37931060791016,10.0,3381.29779710722,49.7387402933563,2.44653971370865,20.769,0.541494736981149,313130.0,44.4,,65.2,37.0,74.6,,
DMA,2023,,4.69423746286593,99.0721649484536,102.585807800293,100.0,173.0,57.0,12.0,100.958076477051,100.0,100.0,100.0,100.0,12.0,9912.96212766668,88.68,2.08922149000234,11.09,-2.05325567358659,17884.0,33.1,0.761,100.0,100.0,100.0,,
DNK,2023,100.0,,99.8698883056641,126.98078918457,,1646.0,2061.0,10.0,99.2550430297852,,,,,10.0,68043.5466971243,148.6738,-2.12250636567327,9.7,-0.686564529892477,680769.0,3.0,0.962,100.0,100.0,100.0,5878.13723736126,27.9433045091483
DOM,2023,75.7,3.7606477375256,101.644848757662,75.4805556926418,95.08662311843229,27423.0,29581.0,12.0,91.6880720478921,52.68505079825835,90.38131679641114,68.65135955810547,92.26277372262771,12.0,10630.431743829,235.098143035751,5.7871768273554,17.931,1.11757722012838,3132211.0,28.4,,99.6,98.2,100.0,,
DZA,2023,,5.61015717726636,105.840748480875,101.264892578125,99.96800994873048,,,12.0,97.5415729665837,59.17068562621191,99.7862079252225,89.81957558193886,99.95500562429696,10.0,5370.477235078,19.3825602290762,1.00153139964416,19.625,-0.666884117992948,11664402.0,19.7,0.763,100.0,100.0,100.0,1827.95251014644,10.0832662021625
ECU,2023,83.7,3.89365005493164,97.2490097236115,92.8118025876465,91.0993952550783,28201.0,57889.0,12.0,100.199679503356,43.17330127978505,83.9072332602701,74.00872802734375,93.81944444444444,12.0,6737.84748379638,72.3952448059269,2.28375927738441,15.033,0.762426990987386,6629118.0,11.1,0.777,98.7,95.5,100.0,,
EGY,2023,69.2219638789461,,95.9217069393801,84.474862198776,82.9194669096708,331741.0,359372.0,12.0,93.8413993972316,30.41058961775074,,45.48861343326607,60.93780655287424,12.0,3456.78968456253,115.059291777588,24.7990758719001,21.004,1.55350808977127,65617760.0,16.1,0.754,100.0,100.0,100.0,1492.89603600873,17.9787572578674
ERI,2023,,,,,,,,8.0,,,,,,8.0,,28.638732049164,,28.544,2.00245212331037,2266289.0,25.5,0.503,54.4,37.1,77.1,,
ESP,2023,94.6451658484973,,103.002769470215,118.361709594727,,17903.0,17903.0,10.0,99.5605087280273,,,,,10.0,33493.2225409111,96.7543757482028,6.24520480258481,6.7,0.308487811770343,9608377.0,2.6,0.918,100.0,100.0,100.0,5118.31845471707,20.6314799796651
EST,2023,99.868209606531,,98.3381576538086,108.442070007324,,1120.0,1144.0,12.0,96.8391036987305,,,,,9.0,30264.0064885057,32.0684764802247,8.6352827532792,8.0,0.939168908575805,401809.0,1.6,0.905,100.0,100.0,100.0,5722.16311047475,13.3646357254717
ETH,2023,,2.9272447768927,83.7319745881618,,,2409915.0,2014038.0,8.0,55.0561499631858,,27.42705999838061,,,8.0,1055.81091592527,114.037952012,32.9130722654676,31.903,2.18615406483416,99017129.0,35.7,0.497,55.4,43.6,94.7,,
FIN,2023,100.0,,99.1151733398438,142.861724853516,,2800.0,2914.0,12.0,98.9240798950195,,,,,11.0,52834.2916752703,18.3705454665088,3.49431236152013,7.8,-0.684405590387536,1451468.0,1.8,0.948,100.0,100.0,100.0,14391.3468534867,9.58824237150274
FJI,2023,,4.24679790890603,111.9366094795,98.540177642079,,,,,116.716614720691,38.61788617886179,92.00542005420054,,98.29545454545456,0.0,5926.20586394763,50.5826491516147,2.75299054492405,17.996,-0.620762281413788,382532.0,23.8,0.731,99.3,98.3,100.0,,
FRA,2023,100.0,,103.265121459961,103.962417602539,,,,12.0,,,,,,10.0,44700.1384177544,126.704679469339,4.99026368272813,9.9,0.175046060330279,14508304.0,3.4,0.92,100.0,100.0,100.0,6422.99225332454,17.3133304775592
FSM,2023,,,82.1547657350301,,82.96296296296296,1593.99985790253,1852.00005054474,8.0,87.3766475464502,7.638889789581299,81.94444444444444,9.195402298850574,92.3076923076923,8.0,3919.64307910859,160.9,5.65470723109507,22.299,0.43131698641518,87363.0,20.8,,86.9,83.7,97.3,,
GAB,2023,,2.31594287726056,,,,,,10.0,,,,,,10.0,7802.82433276138,9.64329956921644,-9.95804918444074,27.666,-2.62469294157141,207788.0,26.5,0.733,94.1,29.0,99.2,,
GBR,2023,,,102.555801391602,112.403617858887,,,,13.0,101.423362731934,,,,,11.0,49944.4702124201,283.106683751498,6.34491419212233,10.023,0.802698364719514,11533920.0,4.0,,100.0,100.0,100.0,4207.95129358173,24.7191547851059
GEO,2023,99.37139892578124,3.70918011665344,100.887260863464,103.183588288651,100.0,8143.0,8304.0,12.0,106.243340748079,100.0,100.0,100.0,100.0,9.0,8283.66960652261,65.0037265124742,2.94809953907664,11.494,-1.79306266899536,1458241.0,8.0,0.844,100.0,100.0,100.0,3382.3327949556,14.7644041569069
GHA,2023,,,,,,,,9.0,,,,,,9.0,2383.90410483418,148.49676310689,40.1057981965589,26.31,0.597419010051782,14255974.0,28.2,0.628,89.5,77.8,97.5,,
GIB,2023,,,103.557022368904,74.349556167738,100.0,,,13.0,107.708779443255,100.0,100.0,100.0,100.0,12.0,,3847.1,,12.07,,0.0,,,100.0,100.0,100.0,,
GIN,2023,,1.72470879088585,,,,,,6.0,,,,,,6.0,1555.49375806861,58.6255412664822,6.09250536857687,33.848,1.81153958670864,8982471.0,61.5,0.5,51.1,25.7,92.5,,
GMB,2023,46.39799880981445,2.80838156544977,98.7359670428779,,66.14583333333334,27969.0,53459.0,9.0,80.1995474182267,5.753217259651779,48.22104466313399,9.793814432989691,75.52742616033755,9.0,883.024111719809,266.5854743083,13.7191839595177,30.429,0.888360801659817,976565.0,33.8,0.524,66.9,35.3,85.3,,
GNB,2023,,,,,,,,,,,,,,9.0,988.087886357022,76.5767780938834,5.13638471744318,30.037,1.45863100806321,1171580.0,43.1,0.514,40.5,20.7,64.3,,
GNQ,2023,,,,,,,,6.0,,,,,,6.0,6677.793435386,65.8662745098039,-7.64752019845844,29.604,1.58941515773627,533405.0,49.1,0.674,66.9,2.4,89.0,,
GRC,2023,97.5472145099617,,102.020217895508,105.191741943359,,,,12.0,99.9148864746094,,,,,9.0,23343.7103964562,80.7260512024826,6.26971104079917,6.8,-1.33505082392628,2208999.0,3.2,0.908,100.0,100.0,100.0,4694.30463708538,19.5740641114722
GRD,2023,97.1626006188337,5.12544845968893,,,100.0,,,12.0,,100.0,100.0,100.0,100.0,12.0,11414.4781691181,344.355882352941,4.45559777901883,11.711,-0.0026884611250113,74391.0,16.7,0.791,94.4,,,,
GTM,2023,63.1,3.10633993148804,102.032228557129,47.3762534803949,,97975.0,99979.0,12.0,85.8256653187583,,,,,9.0,5758.32760847852,169.138092571855,6.54004024227952,20.809,0.754285279799409,8045936.0,17.9,0.662,100.0,100.0,100.0,,
GUY,2023,,,94.4460553841055,84.4850463867188,47.05881881713867,8815.0,8547.0,6.0,,54.83146067415731,75.14910888671875,61.73913043478261,100.0,6.0,20473.7002190617,3.91376811594203,-14.0864299215933,20.287,0.556629193825565,607657.0,23.8,0.776,98.9,91.6,98.9,,
HKG,2023,100.0,3.80327010154724,,,100.0,,,12.0,,100.0,100.0,100.0,100.0,9.0,50562.3633144379,7177.2380952381,2.892947554779,4.4,,0.0,,0.955,100.0,100.0,100.0,,
HND,2023,62.43230819702148,4.54962037172702,82.5478821305927,54.5012702941895,,145351.0,164164.0,11.0,73.4535986087997,,,,,11.0,3227.45762509776,95.1367503798373,6.04752279899292,21.963,0.577575397928875,4437494.0,13.3,0.645,95.6,88.8,100.0,752.100710474952,10.8954819148074
HRV,2023,99.4704870793649,,101.157791137695,105.025161743164,,,,8.0,100.516410827637,,,,,8.0,22184.2279304842,68.9722301644031,12.8711445045919,8.3,-0.467432383733313,1650280.0,3.9,0.889,100.0,100.0,100.0,4484.04352063873,17.5735557339993
HTI,2023,,0.964648012977964,,,,,,6.0,,,,,,6.0,1705.75808460999,422.256821480406,31.5119631448975,22.2,-0.146189775429166,5300872.0,40.3,0.554,51.3,2.9,84.0,,
HUN,2023,99.7482633639565,,103.570762634277,105.419059753418,,3789.0,4196.0,12.0,96.809211730957,,,,,10.0,22230.6277875187,105.108327854482,15.1060960246171,9.1,-0.583635146056761,2849618.0,3.2,0.87,100.0,100.0,100.0,4604.58127063007,16.034717039174
IDN,2023,83.8310823174419,1.27517088245674,98.1566275726904,96.0002120295081,98.90352963561982,,,12.0,99.9521715181012,86.80518295954501,97.8518349608327,92.80875308257038,99.37574524794836,9.0,4876.30774512252,148.57692229227,1.53013198443368,15.941,-0.637335056265888,117768206.0,17.0,0.728,99.4,98.6,100.0,1445.21463483986,14.2176929344015
IND,2023,68.12999725341797,,113.164575709104,79.3250397483992,92.86731600818938,381512.663945101,167190.798423521,8.0,93.8187311671038,38.91407096952953,89.18173332221436,60.71197769274945,96.48307133606772,8.0,2530.12031278204,483.679010086809,2.59194954513768,16.146,0.403749149910514,933771782.0,24.5,0.685,99.5,99.2,100.0,1181.63057248865,12.3336090031733
IRL,2023,99.7002170808258,,,,,,,10.0,,,,,,10.0,106818.917130804,77.0445637973581,3.39258154333999,10.3,1.25567737298501,1906034.0,3.4,0.949,100.0,100.0,100.0,6149.29535006406,47.7612130699697
IRN,2023,86.882754736708,2.82443290958712,,,,,,9.0,,,,,,9.0,5049.29931642754,55.8451198767334,37.2937420604748,12.951,-0.250452491471166,21133614.0,10.7,0.799,100.0,100.0,100.0,,
IRQ,2023,,,,,,,,12.0,,,,,,6.0,5965.31835077761,103.826155759795,-15.5347237850081,25.728,2.2515173398111,13581587.0,20.8,0.695,100.0,100.0,100.0,,
ISL,2023,100.0,,98.2218322753906,108.911361694336,,284.0,315.0,10.0,98.6200180053711,,,,,10.0,82138.7892973557,3.90111078052167,5.28960958581624,11.0,1.41098965290385,22554.0,1.9,0.972,100.0,100.0,100.0,49955.6373602068,4.34270736407973
ISR,2023,96.4078681592566,,96.4853820800781,96.4655990600586,,19239.0,22168.0,12.0,96.2661972045898,,,,,12.0,52003.7200729997,455.129390018484,4.54962642927481,18.6,2.87527016519118,836283.0,2.7,,100.0,100.0,100.0,6772.05807696213,19.3229233444205
ITA,2023,97.9824830570857,,103.566017150879,100.678756713867,,26661.0,25456.0,8.0,97.3619613647461,,,,,12.0,39277.0838783918,199.490988096848,6.19726462122874,6.4,-0.227611021621257,17967681.0,2.3,,100.0,100.0,100.0,5046.67677230406,23.0031911627559
JAM,2023,99.0544601989279,5.65453693979426,87.7375451717876,85.4353132628153,,13101.0,14503.0,6.0,81.0696353400619,98.91304347826086,100.0,,100.0,6.0,7542.40084275345,262.214773776547,11.3335050417508,11.623,-1.08561712535481,1179902.0,18.3,,97.7,96.5,98.6,,
JOR,2023,87.91999816894531,3.51486315596325,98.2994873290949,91.9696843781763,100.0,12698.0,18039.0,12.0,97.1706496556539,100.0,100.0,100.0,100.0,10.0,4466.08314208575,128.828670856139,1.82791592575342,20.611,-2.1083199279671,837095.0,12.2,,100.0,100.0,100.0,,
JPN,2023,,,102.496421813965,102.344436645508,,,,9.0,,,,,,9.0,33836.1756271617,341.54455749932,4.06819848886964,6.0,-1.80531672569239,9858369.0,1.8,,100.0,100.0,100.0,7655.01641748312,15.0893478025642
KAZ,2023,,4.84984016418457,98.9804493873135,95.2393054334066,,52454.0,40756.0,11.0,103.073237596239,100.0,,100.0,,9.0,12879.4275257974,7.53050487091158,9.52224688275005,20.138,0.651815284378437,7775026.0,7.6,,100.0,100.0,100.0,5145.57131631004,9.50630940746314
KEN,2023,,3.96229304413263,98.2483475806861,84.3083880306996,68.02724261790362,17499.0,386718.0,12.0,,31.92015743604161,69.59516446443632,30.55279194130083,91.48876666355925,12.0,1942.58802756191,95.2681371231706,5.41580564449526,27.106,1.68756379194319,37833597.0,34.7,,76.2,67.9,96.0,190.082933008388,10.4448547741699
KGZ,2023,98.71764373779295,6.82694680798777,98.0963360523919,91.2655243671618,,,,11.0,96.1198727607567,,,,100.0,9.0,2138.22210211478,37.0164233576642,19.8591989518512,20.6,1.76019347653267,4635680.0,14.9,,100.0,100.0,100.0,,
KHM,2023,49.0053380947329,2.1809128340295,107.039014463223,56.7864734981041,95.83333333333334,84300.8250935406,75614.78356285,9.0,87.630151233724,5.723630417007359,89.11147451621694,29.96151731720726,99.29947460595446,0.0,2429.74853452838,98.7076818490823,1.01760752524498,20.752,0.855523546242003,10344718.0,20.3,0.606,95.0,93.4,99.5,,
KIR,2023,99.2423243476076,16.39053,97.3655383941286,94.7441990494828,100.0,925.0,622.0,9.0,105.818181818182,19.58762886597938,85.56701030927834,78.84615384615384,100.0,9.0,2177.70125812262,163.617283950617,8.70356056522546,25.813,-0.872788194100486,50992.0,39.7,,95.9,,88.9,,
KNA,2023,,3.49726171629099,121.118748518606,137.513208876365,100.0,,,12.0,124.306688417618,100.0,100.0,100.0,100.0,12.0,22576.9248439166,179.838461538462,4.40820443649315,11.745,-0.0219171220565196,31935.0,14.3,,100.0,100.0,100.0,,
KOR,2023,97.7481819282672,,100.301467895508,96.2983932495117,,,,12.0,98.2711029052734,,,,,9.0,35674.095995632,529.842407786885,2.03849717899953,4.5,0.0665395774038612,9740302.0,2.3,0.937,100.0,100.0,100.0,11426.0699114852,10.1236845036834
KWT,2023,,5.0262608311279,,,,,,12.0,,,,,,9.0,34075.849012909,272.358024691358,-8.06536069344132,10.3028486127809,,0.0,7.6,,100.0,100.0,100.0,,
LAO,2023,63.75085830688477,1.23375160355741,95.0382534939216,54.4330611689851,,37585.0,36341.0,9.0,88.83898879882,,62.54299472598029,,,9.0,2066.94979776957,33.2105415944541,24.4217202066693,21.271,0.192320391711469,4690438.0,35.2,,96.5,95.2,98.6,,
LBN,2023,,1.50416361108086,78.2026874196176,62.8279212477627,100.0,84464.0,87574.0,9.0,67.2665475619853,93.6842105263158,100.0,96.46059462010382,100.0,10.0,3477.72489842684,564.368817204301,202.907703485723,16.144,-2.04114187324461,551230.0,16.0,,100.0,100.0,100.0,,
LBR,2023,,2.2665256232687,,,,,,6.0,,,,,,6.0,799.194470229642,57.0289763289037,4.8121348688661,30.96,1.01382706691086,2471981.0,52.6,,32.5,9.3,52.7,,
LBY,2023,,,,,,,,12.0,,,,,,9.0,6026.51518708812,4.15202780272117,-7.62199522874144,17.024,0.994025828630175,886562.0,15.9,,73.2,,100.0,,
LCA,2023,,2.74212002754211,101.370978688747,88.6818771362305,100.0,138.0,166.0,10.0,91.066276550293,100.0,100.0,100.0,100.0,10.0,13554.7684784933,293.909836065574,1.49011520385767,11.262,0.281238737899275,127117.0,14.3,,100.0,100.0,100.0,,
LIE,2023,,,,,,,,13.0,,,,,,10.0,206780.590353385,249.0625,,9.1,0.904154605279567,33997.0,,,100.0,100.0,100.0,,
LKA,2023,,1.82774571561927,91.4511421235026,87.9534065332114,99.95261412099194,72506.0010986328,84993.3328369142,13.0,94.542850980354,40.66949244647321,99.84784262580156,58.89030004762661,99.95213020584012,11.0,3798.89016573011,356.239896540576,16.6674742441681,11.2,-0.848667406502792,17597528.0,5.3,,100.0,100.0,100.0,,
LSO,2023,,7.29011355590957,81.6412239707352,,,57586.0,59728.0,7.0,66.9579010009766,,,,,7.0,916.282976983803,76.135441370224,-0.368097869054722,24.109,-0.639546095767785,1324978.0,55.4,,57.3,45.2,85.0,,
LTU,2023,99.3816711554173,,102.679946899414,105.428817749023,100.0,,,12.0,105.190582275391,95.0,100.0,98.70587921142578,100.0,10.0,27786.0057829276,45.87196485623,9.0217556386887,7.2,0.486006496537612,902383.0,2.8,,100.0,100.0,100.0,4202.90536411076,18.9408439372187
LUX,2023,98.2765808369639,,99.0644607543945,107.744010925293,,85.0,169.0,13.0,77.4978485107422,,,,,10.0,133230.619178899,258.862052624628,6.91074927081021,9.5,1.23435051085388,34644.0,2.0,,100.0,100.0,100.0,11428.0569602209,28.3184157762106
LVA,2023,99.5909947676685,,98.4666366577148,102.126243591309,,978.0,1449.0,12.0,97.5514907836914,,,,,9.0,22710.2637544197,30.1694520327816,10.6724737437668,7.7,-0.090558146191606,596032.0,2.5,,100.0,100.0,100.0,3628.86795618513,16.6393404609782
MAC,2023,,3.50183010101318,86.4246575342466,92.5810397553517,100.0,2717.0,3504.0,12.0,89.5238095238095,100.0,100.0,100.0,100.0,9.0,67216.3631112124,20569.696969697,4.37730030836568,5.5,,0.0,,,100.0,100.0,100.0,,
MAR,2023,,6.02096928801329,117.598816130003,87.7346312462207,98.89029803424224,,,9.0,104.762394206542,70.96986121376365,97.64309764309763,78.12437311935807,98.93500819224468,9.0,3813.72607421875,84.5003473000224,7.05168019026993,16.701,0.589136807810906,14076664.0,15.5,,100.0,100.0,100.0,997.255419654568,15.0711604488253
MCO,2023,,1.73223996162415,,,100.0,,,12.0,,100.0,100.0,100.0,100.0,11.0,256799.788612806,18692.8982725528,4.99251887813831,9.441,,0.0,2.3,,100.0,100.0,100.0,,
MDA,2023,99.5303635443852,6.62547016143799,106.673559179739,97.8896863952854,,,,12.0,109.128332462101,97.00996677740864,,98.19759679572763,,9.0,6799.58594644576,85.437584732506,9.27782417179883,10.755,-3.88347073722965,1400907.0,13.5,,100.0,100.0,100.0,2411.52290499202,12.3307127938895
MDG,2023,,3.04770386693564,130.599039642521,,39.43879124267654,,,12.0,58.3078522383415,,11.35635765602008,,66.97916666666667,5.0,508.718427705591,53.6196837401169,7.46514940429932,32.095,1.81699300823338,21219490.0,44.2,,39.4,14.6,75.6,,
MDV,2023,,5.16706374664829,100.477973568282,79.3565296847573,100.0,380.0,2709.0,12.0,94.6013185719617,100.0,100.0,100.0,100.0,10.0,12587.6126038651,1765.08053691275,2.13856376038547,11.018,-0.399000110879953,307656.0,5.0,,100.0,100.0,100.0,,
MEX,2023,85.7091589949589,,101.420753479004,102.055458068848,,,,12.0,103.764976501465,,,,,12.0,13860.9597809326,66.7402757272564,4.65385406168295,15.706,-0.452939179283092,26631040.0,10.8,,99.7,99.1,100.0,2608.52187955737,14.0514103401097
MHL,2023,,,107.109965783596,89.5519894011742,85.71428571428571,,,12.0,101.136364184382,,85.86956521739131,,100.0,12.0,6793.24495895856,215.705555555556,7.32176533056624,21.137,-4.88921754927773,8402.0,23.5,,100.0,100.0,100.0,,
MKD,2023,,,96.3131713867188,90.0724868774414,,1869.0,2282.0,13.0,95.7642974853516,,,,,13.0,8674.35846327485,72.474861221253,7.88239994188258,9.2,-1.00125072418917,689967.0,2.8,,100.0,100.0,100.0,3320.35609711262,15.3900295498407
MLI,2023,,4.18465094218116,72.7972336510107,38.9389470920545,38.71309881562666,653474.0,533418.0,12.0,48.4277284647973,1.447410743004181,18.00418140881312,18.13410313607138,97.65784114052953,9.0,1043.9533853528,19.4798572353486,2.22380071498729,40.029,2.10583651182287,16399940.0,57.6,,54.5,22.7,91.5,,
MLT,2023,99.7907540420735,,97.7078399658203,103.027229309082,,358.0,380.0,13.0,97.1002807617188,,,,,11.0,40905.8059585057,1727.334375,5.16605710120075,8.1,3.37874241094705,24170.0,4.8,,100.0,100.0,100.0,5042.08978067724,41.1217940216748
MMR,2023,,,,,,,,5.0,,,,,,5.0,1233.19666209269,82.9420656687147,10.7876664463339,16.696,0.596981028068021,37686829.0,34.1,,76.8,68.8,94.6,,
MNE,2023,,,106.109619140625,93.8724975585938,,,,13.0,106.734153747559,,,,,9.0,12259.8775034436,46.3590334572491,11.6812783259558,11.2,-0.217613805285422,215285.0,2.1,,100.0,100.0,100.0,4564.34263683004,15.0516509930641
MNG,2023,96.046630859375,3.65764999389648,93.0654411114222,96.8181201904352,100.0,12854.0006103516,18924.9937744141,12.0,94.1179581006374,100.0,100.0,100.0,100.0,12.0,5838.63108083902,2.23365125312889,21.7690280161027,19.0,-0.846521860099244,1028802.0,11.4,,100.0,100.0,100.0,,
MOZ,2023,,,,,,,,,,,,,,0.0,622.000297682823,42.7721457819375,5.09031107461925,37.486,1.9301156790035,21622370.0,45.4,,36.0,8.9,78.9,,
MRT,2023,,4.71521997451782,104.015072968957,,,,,13.0,,,,,,9.0,2135.78187606359,4.87284466867178,3.80594628053802,34.423,0.751832698868294,2023328.0,31.0,,50.3,,93.5,,
MUS,2023,95.7546822428759,4.56763982772827,110.911583276217,,100.0,527.0,872.0,13.0,90.1701715550636,100.0,100.0,100.0,100.0,12.0,11269.9684462139,631.467701552329,6.13443001288971,10.2,-1.11167094679098,761625.0,13.5,,100.0,100.0,100.0,2440.84054364608,22.83053893918
MWI,2023,,,135.974440781822,36.644092994481,82.01803833145435,,,8.0,68.3633913523696,1.783146390566581,33.99482312338223,,82.01803833145435,8.0,633.214767978695,223.84898175647,29.0332878003869,31.381,2.25836277878351,17522023.0,29.4,,15.6,6.1,57.8,,
MYS,2023,,3.51480007171631,91.5021106685076,79.4472788704033,100.0,126620.0,182367.0,11.0,91.8132677411604,100.0,100.0,98.2203710715638,100.0,6.0,11386.0395636528,106.913096941105,-1.84898373559957,12.412,-0.738780274220998,8274535.0,6.8,,100.0,100.0,100.0,,
NAM,2023,98.93000030517578,,119.460955801452,81.6173009252032,98.3012457531144,,,7.0,97.3974508909998,61.83765501691093,90.98083427282975,80.29445073612685,99.4949494949495,7.0,4187.60500396525,3.59909023551847,6.5988782251116,25.89,1.66289095130108,1482893.0,38.4,,56.7,34.1,75.0,,
NCL,2023,,,,,,,,,,,,,,0.0,33701.8923322781,15.8572210065646,-3.97086700588645,14.262,0.397670243823038,93479.0,,,100.0,100.0,100.0,,
NER,2023,,4.07412707618114,66.8804779933272,21.5605140503495,40.51724137931034,913575.0,866250.0,,45.7957488996882,0.4258378497953766,7.637429487888508,9.6232985121874,74.50980392156863,0.0,638.336080897887,20.6519831057077,3.48830909519184,41.892,2.96294297605029,21516311.0,67.4,,20.1,10.4,67.4,,
NGA,2023,,0.319069049792343,89.5871124267578,46.8931503295898,,4683208.0,4387494.0,9.0,,,,,,9.0,2138.76383719983,250.20910328623,10.822580640136,32.954,0.0005116173004255,86197462.0,60.1,,61.2,32.9,85.0,,
NIC,2023,,2.86578989028931,109.536392211914,70.1749572753906,,25719.0,27762.0,11.0,,,,,,6.0,2609.44492072931,56.702783779292,10.781773656599,19.376,1.05497084061104,2789145.0,10.3,,88.3,71.0,100.0,,
NLD,2023,97.3239441916378,,104.15657043457,137.514724731445,,1931.0,3767.0,12.0,,,,,,12.0,63515.6030780019,530.950905850906,6.30210666993382,9.2,-5.95747925574171,836261.0,3.5,,100.0,100.0,100.0,6189.0851863866,20.5371920215302
NOR,2023,99.680658116242,,98.6104431152344,117.775093078613,,3033.0,2792.0,10.0,98.9264831542969,,,,,10.0,87497.2179649556,15.1524803030719,-11.0768034229592,9.4,0.458364327800383,934366.0,1.9,,100.0,100.0,100.0,23520.2081892255,18.4426800573221
NPL,2023,,3.95641148036706,126.553677663081,89.8898815141438,33.50188212820944,,,12.0,116.979633773629,13.19927082146519,46.67881964224678,47.69735705648644,76.86165440516778,8.0,1382.33055769304,207.147638646669,5.74902859335131,19.34,-0.796739875270438,9934840.0,23.3,,94.0,93.4,96.0,,
NRU,2023,94.17989349365234,5.67543983459473,109.898342073993,90.1002502441406,100.0,,,12.0,118.296529345651,0.0,100.0,50.0,100.0,12.0,12752.4723855838,593.75,6.39880952380945,25.505,,0.0,8.3,,100.0,100.0,100.0,,
NZL,2023,,5.27568006515503,96.8670501708984,113.395988464355,,4241.0,4757.0,13.0,,,,,,10.0,49075.9562832927,19.9194865367817,4.14984857819299,10.86,2.08320387513405,837725.0,4.0,,100.0,100.0,100.0,7952.33555767398,13.5246223866966
OMN,2023,,,,,100.0,,,12.0,,100.0,100.0,100.0,100.0,10.0,21027.7384778886,16.3142778675283,-4.69581133703699,16.847,8.71133469174027,1031551.0,8.4,,100.0,100.0,100.0,,
PAK,2023,,1.94658005237579,81.3796346128751,42.2911451386891,22.59550743084563,4710783.00585938,3678690.31835938,12.0,68.6482822316824,,42.36709001717237,,30.80812973475674,12.0,1360.32417758419,321.067474833956,26.0156920088641,27.806,0.823853804704383,151425264.0,50.1,,95.6,92.8,100.0,,
PAN,2023,89.2,2.47225999832153,95.2033935877376,,61.50414276609305,19429.0,21941.0,12.0,93.2789665970772,40.86021505376344,72.74193548387096,39.67185974121094,47.8960396039604,9.0,18797.1933994045,60.1072930709086,2.25974916163428,16.029,1.19491936575184,1522215.0,10.6,,97.0,90.7,100.0,,
PER,2023,75.8,4.23516988754272,113.900588989258,111.395393371582,89.31922912597656,,,11.0,,52.70444869995117,82.57131958007812,80.15061950683594,89.31922912597656,11.0,7887.54185920108,26.44188828125,6.3353956438818,15.944,-1.58847574161029,5150956.0,13.5,,96.2,85.1,99.0,,
PHL,2023,,3.6236863467978,92.4462107015215,91.5493424610693,97.64961240310078,804214.0,666580.0,12.0,77.2485372465695,63.97805934501882,98.08322875764075,81.39106242392627,95.7403008709422,12.0,3804.08274131097,385.321122178623,4.60143307078241,16.019,0.0683965199309206,51558262.0,22.1,0.72,98.0,97.6,98.4,,
PLW,2023,,3.52595777106229,100.718907260963,97.286012526096,100.0,56.0,58.0,12.0,93.8271604938272,94.73684210526316,100.0,95.83333333333334,100.0,12.0,15610.8231931032,38.5369565217391,11.0352090814888,10.897,-0.351114472801599,3696.0,19.1,,100.0,100.0,100.0,,
PNG,2023,,0.782122804685732,121.090488343548,52.0929750873194,100.0,,,,82.7478003932096,,,,100.0,0.0,2966.06830432055,22.9422669257607,-4.3417792130993,24.576,1.43238344964751,8825153.0,32.0,,20.5,13.4,65.2,,
POL,2023,99.6761439153944,,105.397079467773,108.386131286621,,,,12.0,103.98380279541,,,,,8.0,22145.2660647429,119.787615502661,9.86569270234997,7.4,-0.501195541796212,14716781.0,3.7,,100.0,100.0,100.0,4381.86423534017,16.5477049590413
PRI,2023,94.32331085205078,4.26898753959873,88.0846710205078,110.409713745117,42.69520950317383,9967.0,12207.0,12.0,70.1681594848633,49.66117858886719,49.66117858886719,38.67990875244141,33.49592971801758,12.0,36980.7884784287,361.194137542277,3.31567322527798,5.8,-1.6418303054626,186543.0,,,100.0,100.0,100.0,,
PRT,2023,95.1277395473967,,110.98851776123,120.347076416016,,,,12.0,104.516647338867,,,,,12.0,27634.6183139773,115.475189289738,7.4876480834025,8.1,1.16586147607383,4103817.0,2.6,,100.0,100.0,100.0,5146.25681143078,22.5389760427041
PRY,2023,79.7,3.40649008750915,90.3532686843589,79.7518585422984,,46316.0,50967.0,12.0,90.271367469734,,,,,12.0,6299.99026533713,17.282671943072,2.17499450135428,19.985,-1.04987417843905,2097963.0,15.1,,99.8,99.5,100.0,2388.61064623694,15.159743157465
PSE,2023,,,91.4422361153306,89.1210984011759,100.0,27289.0,26504.0,12.0,91.1695163220973,98.02409638554217,100.0,98.9139515455305,100.0,10.0,3455.02852911712,857.390041493776,-2.42974331682846,27.062,0.422602055870789,678902.0,14.3,,100.0,100.0,100.0,,
QAT,2023,,,,,100.0,,,12.0,,100.0,100.0,100.0,100.0,12.0,81816.9797967481,231.160313315927,-9.20463307984075,9.908,-5.4205497518785,19030.0,4.9,,100.0,100.0,100.0,,
ROU,2023,98.9514481926966,,84.946662902832,81.6316070556641,,78616.0,81630.0,13.0,80.9689483642578,,,,,10.0,18244.4186876321,82.8384866133519,12.3522995042078,8.0,0.0636310997614743,9117940.0,5.4,,100.0,100.0,100.0,2585.48515413249,23.8477729469526
RUS,2023,100.0,4.16454853394225,97.7462041476013,92.4840470838527,,78377.0,109598.0,11.0,,,,,,11.0,14159.3876953125,8.78227219242749,7.99857099742052,8.6,-0.787620647855074,35984572.0,3.7,,100.0,100.0,100.0,,
RWA,2023,,4.92004013061523,151.894816720753,45.1251505756161,86.50500790722194,,,9.0,59.3042433145261,56.53611393692777,77.74669379450661,78.83678440925699,92.8622927180966,6.0,1027.03446826565,565.645358735306,11.9488360924784,28.348,0.698983909560196,9927834.0,30.5,,63.9,57.9,99.9,,
SAU,2023,92.4906855823514,5.11466979980469,,,,,,12.0,,,,,,9.0,36156.848337701,15.6779493787476,-2.18444626235993,16.415,3.61632425207261,5292596.0,4.9,0.9,100.0,100.0,100.0,,
SDN,2023,,,,,,,,11.0,,,,,,8.0,797.283447265625,26.7895026766595,29.6896698556388,33.612,1.21153022134369,32629898.0,39.2,,66.0,54.0,87.0,,
SEN,2023,25.80331993103027,6.16277045366329,85.4523658596434,44.0673682244069,,195212.0,463457.0,10.0,61.5314165000969,26.61036744227832,53.42736501662026,,,11.0,1698.03387300843,93.8948371682335,3.05250609372929,29.423,-0.346864174008869,8189280.0,30.2,,74.2,56.5,96.1,410.176742198745,14.7904229412414
SGP,2023,,2.14826011657715,100.245139192048,103.082801906213,100.0,287.0,217.0,,96.8465629805147,100.0,100.0,100.0,100.0,6.0,85412.230345235,8241.8495821727,-5.0186426400397,7.4,,0.0,1.7,,100.0,100.0,100.0,9750.49546711802,24.5241415258447
SLB,2023,,8.29349080062944,80.2544791015835,,,18954.0006332397,19755.9984512329,,66.4970071601133,7.644882860665844,35.63501849568434,,65.92178770949721,0.0,1882.64394148042,28.581814933905,2.54749432932826,26.935,1.46043148119691,559932.0,16.5,,81.3,81.3,81.2,,
SLE,2023,,2.62455277942046,159.416853770084,86.9079513549805,,,,9.0,100.377198108697,1.45985401459854,15.1692103516921,5.083732057416269,,9.0,758.329137378248,117.214075921308,29.2602264523414,30.601,1.21675338933803,4669414.0,56.2,,35.5,19.0,56.3,,
SLV,2023,64.54000091552734,3.17218995094299,90.8837213469188,65.5709865566541,,42426.0,53487.0,12.0,80.8345580048987,,,,,9.0,5365.44491399171,304.518532818533,2.59374849301966,15.758,-1.33592949991733,1602135.0,9.2,0.678,98.3,96.6,99.4,,
SMR,2023,,,95.1203643461288,60.7940446650124,100.0,44.0,60.0,13.0,96.1165048543689,100.0,100.0,100.0,100.0,10.0,59879.7173015651,564.333333333333,7.35542673385122,5.6,-0.308483535121015,971.0,1.4,,100.0,100.0,100.0,,
SOM,2023,,8.14262404011e-06,20.9155502319336,3.34785008430481,,,,,,,,,,8.0,596.885985135589,29.2642187649441,4.60447420707497,42.964,1.84504528281139,8431847.0,67.8,,50.3,23.9,79.0,,
SRB,2023,98.7419462491062,3.40377998352051,,,,,,12.0,,,,,,8.0,12281.707946167,78.7630277084077,13.9302963711276,9.2,-1.25854477000111,2507308.0,4.5,,100.0,100.0,100.0,5089.5468236345,10.2969697896173
SSD,2023,,,,,,,,8.0,,,,,,8.0,,18.1719082809805,,28.59,3.73060290821405,9063394.0,72.6,,5.4,1.8,19.1,,
STP,2023,,5.0288576428727,,,,,,6.0,,,,,,6.0,2990.6606143535,240.490625,23.7460585524367,28.185,1.25922293613333,72483.0,9.4,,81.3,69.6,81.9,,
SUR,2023,,2.86623341491363,64.1794204711914,76.1109237670898,,4385.84364761383,1732.73147299868,,,,,,,6.0,5521.97602122638,3.91810706046897,33.0999644008231,17.298,1.33035510267,215354.0,15.2,,99.6,98.8,100.0,2897.18645350668,11.2206658183679
SVK,2023,99.8288698830934,,103.090553283691,92.6436767578125,100.0,1370.0,1519.0,13.0,100.707176208496,100.0,100.0,100.0,100.0,10.0,24614.8734642794,112.868968386023,10.0245901807717,9.0,-0.0934524162109645,2540213.0,5.1,0.88,100.0,100.0,100.0,4673.89261324478,12.9367550036151
SVN,2023,99.7987780463134,,100.884101867676,107.626876831055,,853.0,1051.0,13.0,97.4238586425781,,,,,9.0,32660.4753581346,105.31480791676,9.98912481634724,8.0,-0.0528073255394215,942802.0,1.8,0.931,100.0,100.0,100.0,6418.41561811323,16.5670693603527
SWE,2023,100.0,,115.019523620605,134.244293212891,,1494.0,1716.0,12.0,99.6335906982422,,,,,9.0,54950.2834725622,25.8713678886243,5.83406618538046,9.5,-1.50742217962508,1197887.0,2.0,,100.0,100.0,100.0,12149.5179863926,14.6106785518507
SWZ,2023,,5.00431592836751,116.527002594136,,98.17073170731707,,,7.0,93.6081152424768,11.97604790419162,98.80239520958084,22.5609756097561,98.17073170731707,7.0,3755.52111232464,71.5410465116279,6.05369047880271,24.073,0.393132656683733,912935.0,43.5,0.695,86.4,84.9,91.0,,
SXM,2023,,3.92363832601723,135.070755004883,,,,,11.0,,,,,,11.0,39451.8223361963,1257.32352941176,2.02312138728324,9.126,,0.0,,,100.0,100.0,100.0,,
SYC,2023,,4.45409960547034,97.1359174172655,74.2514404458298,100.0,214.0,115.0,11.0,94.0462427745665,100.0,100.0,100.0,100.0,11.0,18262.7115849287,260.376086956522,4.08934911219852,13.0,-0.426407523227962,65759.0,13.1,,100.0,100.0,100.0,,
SYR,2023,,,76.7710494995117,39.4672088623047,83.573486328125,359030.0,386144.0,12.0,60.1276588439941,7.666999816894531,84.92346954345703,9.155839920043944,88.95481872558594,9.0,,128.490023416653,,22.107,6.5308138336874,6567002.0,19.0,,88.4,72.8,100.0,,
TCA,2023,,2.68765461969981,124.371236273468,109.841759938248,100.0,,,11.0,,100.0,100.0,100.0,100.0,11.0,35470.2151608295,48.6294736842105,0.466757158704098,10.738,-3.1258032113867,2803.0,4.0,,100.0,100.0,100.0,,
TCD,2023,,3.20149725837724,88.3436578594334,24.1941648001316,22.48664093017578,547558.0,346252.0,10.0,,0.7408003865045495,4.179080009460449,3.506493506493506,39.47111129760742,10.0,949.333453674592,15.342331639136,-3.79374736446792,42.396,3.80730784495982,14232250.0,58.7,0.416,12.0,0.4,48.1,,
TGO,2023,,4.14281885166484,116.335465545392,63.4192515229188,64.64516129032259,,,5.0,87.3158245775118,1.204819277108434,35.56042351223074,14.15343915343915,85.69384835479255,10.0,1055.01727877926,171.067052767053,3.9628497528372,31.142,1.42753844264626,5280241.0,35.9,,59.2,30.5,95.0,,
THA,2023,74.8295899523026,2.52122219628772,102.574975655738,93.3356315272258,99.7713717693837,,,12.0,102.096899824548,99.89989343494688,99.89989343494688,99.84338826092878,100.0,9.0,7195.10130919449,140.348088629646,1.27492169842496,8.245,-3.05105000564566,28011135.0,8.0,,100.0,100.0,100.0,2965.2131060821,11.4469675087255
TJK,2023,,5.43682120015444,96.9759265270236,88.4022015902249,,,,11.0,,,,,,9.0,1178.47990060249,74.8598530153469,3.74356638768383,26.124,2.02719991045075,7668813.0,22.9,,100.0,100.0,100.0,,
TKM,2023,,2.71291995048523,97.341891416249,102.546752929688,100.0,8836.0,8458.0,12.0,97.7541266259286,37.24760892667376,100.0,37.24760892667376,100.0,12.0,6231.91323839698,15.6713510522844,-3.2837127112537,21.74,1.82332642909692,3898153.0,31.2,,100.0,100.0,100.0,,
TLS,2023,,5.24052834781801,119.652693100113,,100.0,4375.0,8710.0,9.0,93.210472040185,57.52636625119847,100.0,67.46031951904297,100.0,9.0,1502.41147438211,93.0925353059852,-20.8217881959754,22.077,1.0752195698376,988443.0,35.9,,100.0,100.0,100.0,,
TON,2023,97.7388994238874,,109.611591048228,91.8606656320055,100.0,,,8.0,102.558139534884,5.426356589147287,99.2248062015504,36.45833333333333,100.0,13.0,5651.59373063157,145.273611111111,7.42659746643895,23.117,-0.425877502357244,82477.0,8.0,,100.0,100.0,100.0,,
TTO,2023,99.3490607734806,3.01114988327026,99.1887588500977,92.9377899169922,,18243.0,19862.0,,91.5974807739258,,,,,7.0,18308.4536298575,266.571150097466,-12.9851733536177,10.708,0.111069014824153,629688.0,17.2,,98.7,98.0,99.3,,
TUN,2023,56.62179946899414,6.73398856321206,104.424217224121,,100.0,2882.0,11133.0,11.0,,81.2452392578125,99.98095703125,99.46524047851562,100.0,9.0,3951.11683376921,78.530065653965,7.18154722475788,13.748,-0.393468507618305,3656876.0,10.6,,100.0,100.0,100.0,,
TUR,2023,86.2253516011685,,,,,,,12.0,,,,,,12.0,13375.0947282864,110.866214934449,68.2797569244827,11.2,0.55472031193315,9367217.0,9.1,,100.0,100.0,100.0,3581.25454543643,18.9610646254113
TUV,2023,,12.8456897735596,108.909370199693,93.2753164556962,91.66666666666666,,,,106.930693069307,90.0,90.0,92.85714285714286,100.0,9.0,6344.7750188689,327.2,6.0040987048763,23.075,-3.69537810405051,3533.0,17.1,,100.0,100.0,100.0,,
TZA,2023,,3.25853222146531,95.6409804093201,,,684198.0,997845.0,13.0,89.3124694824219,,61.33380631429585,,,7.0,1224.00219726563,75.2061481146986,2.74821189393757,35.222,1.89814402321599,42985142.0,29.9,,48.3,27.9,82.4,,
UGA,2023,,,,,,,,,,,,,,7.0,1002.30913917142,242.65210951526,6.74801516641013,35.201,1.82463615657625,33764793.0,27.6,,51.5,42.4,76.4,,
UKR,2023,,,,,98.53340575774035,,,11.0,,98.99244332493704,98.99244332493704,97.8642899184394,97.56424308853975,11.0,5139.59814453125,65.1239834311357,19.8744638522736,5.625,-8.59317597954555,11517780.0,7.8,,100.0,100.0,100.0,2516.32291831974,9.86142886228584
URY,2023,92.8,4.81125020980835,104.532465643859,119.105005958635,100.0,,,12.0,101.1690082913,100.0,100.0,100.0,100.0,12.0,23019.4221560046,19.3582504856588,3.41312548351563,9.871,-1.11579924735438,150974.0,5.5,,100.0,100.0,100.0,,
USA,2023,99.07521057128906,,,,,,,12.0,,,,,,12.0,81032.262117545,36.8198061311277,3.59839135535658,10.7,0.635667133221232,67120224.0,5.5,0.938,100.0,100.0,100.0,12551.2256333524,11.6537620133459
UZB,2023,,5.47287597270024,93.4888259225367,97.3839945834102,99.66736361908384,61295.0,69541.0,12.0,96.0921933647617,94.92491921687892,99.66736361908384,95.02010233918128,99.66191520467837,12.0,2878.96879292451,80.9084466129581,13.823039902276,26.465,1.99718728938561,17470884.0,12.7,,100.0,100.0,100.0,,
VCT,2023,,6.4582691706334,111.270698547363,125.381042480469,,,,12.0,109.648559570312,,,,,12.0,10582.3656725229,259.802564102564,2.91400510607961,12.158,-0.959983325983503,52975.0,9.9,,100.0,100.0,100.0,,
VEN,2023,,0.0031300000846386,111.130409240723,97.229606628418,,,,11.0,102.23681640625,,,,,11.0,3617.43594578269,32.0853171588912,367.889226487606,15.087,-0.0272440926124137,3042447.0,21.5,,100.0,100.0,100.0,,
VGB,2023,,3.1728401184082,87.3165618448637,70.4463994786575,100.0,208.0,233.0,12.0,80.8411214953271,100.0,100.0,100.0,100.0,12.0,,259.9,,8.332,-0.16755745650679,17293.0,11.6,,100.0,100.0,100.0,,
VNM,2023,87.5381163091741,,105.170807361038,,95.27924914041446,,,5.0,,93.65683732987686,95.80362929358392,93.56673960612692,92.98067141403868,9.0,4323.35031982451,320.175197572656,2.09339091583757,13.831,-0.264917387762499,62088011.0,14.0,,99.8,99.8,100.0,,
VUT,2023,70.54322814941406,7.58135986328125,113.170782080259,134.670675170038,,601.000005722046,805.999822616577,,116.128610667961,,,,,0.0,3482.61458237637,26.2845775225595,6.97212370754437,28.05,2.31059586023381,249069.0,14.2,,61.6,54.0,87.5,,
WSM,2023,,6.1096302676416,101.617020641348,,100.0,719.999700546265,526.001352310181,8.0,98.8477625324381,50.86705202312138,100.0,53.02325581395348,100.0,8.0,4822.74084650019,77.9363309352518,6.82968887914544,25.401,0.64827228742237,178744.0,12.8,,100.0,100.0,100.0,,
YEM,2023,45.51358032226563,,,,,,,9.0,,,,,,9.0,,74.6080250771824,,35.209,2.61931794087608,24985269.0,34.7,,83.6,75.3,96.1,,
ZAF,2023,87.6258773803711,6.12346982955933,101.772235793474,104.133480684239,,218959.0,229187.0,12.0,95.3327484577974,,,,,9.0,6034.27208964673,52.1085690262058,4.72230243263523,18.775,1.03827472938905,23020452.0,24.4,,87.7,94.0,90.9,3247.14853342661,7.06490113677471
ZMB,2023,,4.07374933049157,,,,,,7.0,,,,,,7.0,1330.72780576709,27.8776483407095,7.09462960303757,33.081,2.01537010106656,11392257.0,30.9,,51.1,17.6,89.9,,
ZWE,2023,,0.384771297211919,93.2383787742938,,77.37870195337115,127695.0,161725.0,,85.2029321232507,35.7998402981102,71.86585041256322,49.55891619407687,97.85407725321888,7.0,2195.22492079245,42.24071862479,768.477177864533,30.41,0.715777308024943,9920197.0,40.6,,62.0,51.4,84.0,,
