Data Source;Indicadores del desarrollo mundial;;;;;;;;;;;;;;;;;;;;;;;;;;;;;;;;;;;;;;;;;;;;;;;;;;;;;;;;;;;;;;;;;;;;
;;;;;;;;;;;;;;;;;;;;;;;;;;;;;;;;;;;;;;;;;;;;;;;;;;;;;;;;;;;;;;;;;;;;;
Last Updated Date;2026-01-28;;;;;;;;;;;;;;;;;;;;;;;;;;;;;;;;;;;;;;;;;;;;;;;;;;;;;;;;;;;;;;;;;;;;
;;;;;;;;;;;;;;;;;;;;;;;;;;;;;;;;;;;;;;;;;;;;;;;;;;;;;;;;;;;;;;;;;;;;;
Country Name;Country Code;Indicator Name;Indicator Code;1960;1961;1962;1963;1964;1965;1966;1967;1968;1969;1970;1971;1972;1973;1974;1975;1976;1977;1978;1979;1980;1981;1982;1983;1984;1985;1986;1987;1988;1989;1990;1991;1992;1993;1994;1995;1996;1997;1998;1999;2000;2001;2002;2003;2004;2005;2006;2007;2008;2009;2010;2011;2012;2013;2014;2015;2016;2017;2018;2019;2020;2021;2022;2023;2024;
Aruba;ABW;Niños económicamente activos, mujeres (% de niñas entre los 7 y 14 años de edad);SL.TLF.0714.FE.ZS;;;;;;;;;;;;;;;;;;;;;;;;;;;;;;;;;;;;;;;;;;;;;;;;;;;;;;;;;;;;;;;;;;
;AFE;Niños económicamente activos, mujeres (% de niñas entre los 7 y 14 años de edad);SL.TLF.0714.FE.ZS;;;;;;;;;;;;;;;;;;;;;;;;;;;;;;;;;;;;;;;;;;;;;;;;;;;;;;;;;;;;;;;;;;
Afganistán;AFG;Niños económicamente activos, mujeres (% de niñas entre los 7 y 14 años de edad);SL.TLF.0714.FE.ZS;;;;;;;;;;;;;;;;;;;;;;;;;;;;;;;;;;;;;;;;;;;;;;;;;;;;5.1;;;;;;;;;;;;;;
;AFW;Niños económicamente activos, mujeres (% de niñas entre los 7 y 14 años de edad);SL.TLF.0714.FE.ZS;;;;;;;;;;;;;;;;;;;;;;;;;;;;;;;;;;;;;;;;;;;;;;;;;;;;;;;;;;;;;;;;;;
Angola;AGO;Niños económicamente activos, mujeres (% de niñas entre los 7 y 14 años de edad);SL.TLF.0714.FE.ZS;;;;;;;;;;;;;;;;;;;;;;;;;;;;;;;;;;;;;;;;;;30.1;;;;;;;;;;;;;;;;;;;;;;;;
Albania;ALB;Niños económicamente activos, mujeres (% de niñas entre los 7 y 14 años de edad);SL.TLF.0714.FE.ZS;;;;;;;;;;;;;;;;;;;;;;;;;;;;;;;;;;;;;;;;;31.84332;;;;;18.8;;;;;4.6;;;;;;;;;;;;;;;
Andorra;AND;Niños económicamente activos, mujeres (% de niñas entre los 7 y 14 años de edad);SL.TLF.0714.FE.ZS;;;;;;;;;;;;;;;;;;;;;;;;;;;;;;;;;;;;;;;;;;;;;;;;;;;;;;;;;;;;;;;;;;
El mundo árabe;ARB;Niños económicamente activos, mujeres (% de niñas entre los 7 y 14 años de edad);SL.TLF.0714.FE.ZS;;;;;;;;;;;;;;;;;;;;;;;;;;;;;;;;;;;;;;;;;;;;;;;;;;;;;;;;;;;;;;;;;;
Emiratos Árabes Unidos;ARE;Niños económicamente activos, mujeres (% de niñas entre los 7 y 14 años de edad);SL.TLF.0714.FE.ZS;;;;;;;;;;;;;;;;;;;;;;;;;;;;;;;;;;;;;;;;;;;;;;;;;;;;;;;;;;;;;;;;;;
Argentina;ARG;Niños económicamente activos, mujeres (% de niñas entre los 7 y 14 años de edad);SL.TLF.0714.FE.ZS;;;;;;;;;;;;;;;;;;;;;;;;;;;;;;;;;;;;;;;;;;;;;9.8;;;;;;;;3.486703;;;;;;;;;;;;;
Armenia;ARM;Niños económicamente activos, mujeres (% de niñas entre los 7 y 14 años de edad);SL.TLF.0714.FE.ZS;;;;;;;;;;;;;;;;;;;;;;;;;;;;;;;;;;;;;;;;;;;;;;;;;;;7.5;;;;;;;;;;;;;;;
Samoa Americana;ASM;Niños económicamente activos, mujeres (% de niñas entre los 7 y 14 años de edad);SL.TLF.0714.FE.ZS;;;;;;;;;;;;;;;;;;;;;;;;;;;;;;;;;;;;;;;;;;;;;;;;;;;;;;;;;;;;;;;;;;
Antigua y Barbuda;ATG;Niños económicamente activos, mujeres (% de niñas entre los 7 y 14 años de edad);SL.TLF.0714.FE.ZS;;;;;;;;;;;;;;;;;;;;;;;;;;;;;;;;;;;;;;;;;;;;;;;;;;;;;;;;;;;;;;;;;;
Australia;AUS;Niños económicamente activos, mujeres (% de niñas entre los 7 y 14 años de edad);SL.TLF.0714.FE.ZS;;;;;;;;;;;;;;;;;;;;;;;;;;;;;;;;;;;;;;;;;;;;;;;;;;;;;;;;;;;;;;;;;;
Austria;AUT;Niños económicamente activos, mujeres (% de niñas entre los 7 y 14 años de edad);SL.TLF.0714.FE.ZS;;;;;;;;;;;;;;;;;;;;;;;;;;;;;;;;;;;;;;;;;;;;;;;;;;;;;;;;;;;;;;;;;;
Azerbaiyán;AZE;Niños económicamente activos, mujeres (% de niñas entre los 7 y 14 años de edad);SL.TLF.0714.FE.ZS;;;;;;;;;;;;;;;;;;;;;;;;;;;;;;;;;;;;;;;;;7.330279;;;;;4.5;;;;;;;;;;;;;;;;;;;;
Burundi;BDI;Niños económicamente activos, mujeres (% de niñas entre los 7 y 14 años de edad);SL.TLF.0714.FE.ZS;;;;;;;;;;;;;;;;;;;;;;;;;;;;;;;;;;;;;;;;;35.67728;;;;;11;;;;;32.4;;;;;;;;;;;;;;;
Bélgica;BEL;Niños económicamente activos, mujeres (% de niñas entre los 7 y 14 años de edad);SL.TLF.0714.FE.ZS;;;;;;;;;;;;;;;;;;;;;;;;;;;;;;;;;;;;;;;;;;;;;;;;;;;;;;;;;;;;;;;;;;
Benin;BEN;Niños económicamente activos, mujeres (% de niñas entre los 7 y 14 años de edad);SL.TLF.0714.FE.ZS;;;;;;;;;;;;;;;;;;;;;;;;;;;;;;;;;;;;;;;;;;;;;;;76.1;;;;;;23.7;;;;;;;;;;;;;
Burkina Faso;BFA;Niños económicamente activos, mujeres (% de niñas entre los 7 y 14 años de edad);SL.TLF.0714.FE.ZS;;;;;;;;;;;;;;;;;;;;;;;;;;;;;;;;;;;;;;;;;;;;51;;;34.5;;;;44.8;;;;;;;;;;;;;;;
Bangladesh;BGD;Niños económicamente activos, mujeres (% de niñas entre los 7 y 14 años de edad);SL.TLF.0714.FE.ZS;;;;;;;;;;;;;;;;;;;;;;;;;;;;;;;;;;;;;;;;;;;;13.9129715635;;;6.4;;;;;;;4.224495;;;;;;;;;;;;
Bulgaria;BGR;Niños económicamente activos, mujeres (% de niñas entre los 7 y 14 años de edad);SL.TLF.0714.FE.ZS;;;;;;;;;;;;;;;;;;;;;;;;;;;;;;;;;;;;;;;;;;;;;;;;;;;;;;;;;;;;;;;;;;
Bahrein;BHR;Niños económicamente activos, mujeres (% de niñas entre los 7 y 14 años de edad);SL.TLF.0714.FE.ZS;;;;;;;;;;;;;;;;;;;;;;;;;;;;;;;;;;;;;;;;;;;;;;;;;;;;;;;;;;;;;;;;;;
Bahamas;BHS;Niños económicamente activos, mujeres (% de niñas entre los 7 y 14 años de edad);SL.TLF.0714.FE.ZS;;;;;;;;;;;;;;;;;;;;;;;;;;;;;;;;;;;;;;;;;;;;;;;;;;;;;;;;;;;;;;;;;;
Bosnia y Herzegovina;BIH;Niños económicamente activos, mujeres (% de niñas entre los 7 y 14 años de edad);SL.TLF.0714.FE.ZS;;;;;;;;;;;;;;;;;;;;;;;;;;;;;;;;;;;;;;;;;17.6;;;;;;9.5;;;;;;;;;;;;;;;;;;;
Belarús;BLR;Niños económicamente activos, mujeres (% de niñas entre los 7 y 14 años de edad);SL.TLF.0714.FE.ZS;;;;;;;;;;;;;;;;;;;;;;;;;;;;;;;;;;;;;;;;;;;;;;11.2;;;;;;;2.6;;;;;;;;;;;;;
Belice;BLZ;Niños económicamente activos, mujeres (% de niñas entre los 7 y 14 años de edad);SL.TLF.0714.FE.ZS;;;;;;;;;;;;;;;;;;;;;;;;;;;;;;;;;;;;;;;;;;;;;;;;;;;;;;;;;;;;;;;;;;
Bermudas;BMU;Niños económicamente activos, mujeres (% de niñas entre los 7 y 14 años de edad);SL.TLF.0714.FE.ZS;;;;;;;;;;;;;;;;;;;;;;;;;;;;;;;;;;;;;;;;;;;;;;;;;;;;;;;;;;;;;;;;;;
Bolivia;BOL;Niños económicamente activos, mujeres (% de niñas entre los 7 y 14 años de edad);SL.TLF.0714.FE.ZS;;;;;;;;;;;;;;;;;;;;;;;;;;;;;;;;;;;;;;;;;;;22.5;;;20.1;;;31.1;18.4;;;;20.52219;;12.59;;;;;;;;;;
Brasil;BRA;Niños económicamente activos, mujeres (% de niñas entre los 7 y 14 años de edad);SL.TLF.0714.FE.ZS;;;;;;;;;;;;;;;;;;;;;;;;;;;;;;;;;;;;;;;;;;;;;4.60644;;;4;3.5;3.3;;2.59;;2.071282;2.20961609178223;1.53;;;;;;;;;;
Barbados;BRB;Niños económicamente activos, mujeres (% de niñas entre los 7 y 14 años de edad);SL.TLF.0714.FE.ZS;;;;;;;;;;;;;;;;;;;;;;;;;;;;;;;;;;;;;;;;;;;;;;;;;;;;;;;;;;;;;;;;;;
Brunei Darussalam;BRN;Niños económicamente activos, mujeres (% de niñas entre los 7 y 14 años de edad);SL.TLF.0714.FE.ZS;;;;;;;;;;;;;;;;;;;;;;;;;;;;;;;;;;;;;;;;;;;;;;;;;;;;;;;;;;;;;;;;;;
Bhután;BTN;Niños económicamente activos, mujeres (% de niñas entre los 7 y 14 años de edad);SL.TLF.0714.FE.ZS;;;;;;;;;;;;;;;;;;;;;;;;;;;;;;;;;;;;;;;;;;;;;;;;;;;;;;;;;;;;;;;;;;
Botswana;BWA;Niños económicamente activos, mujeres (% de niñas entre los 7 y 14 años de edad);SL.TLF.0714.FE.ZS;;;;;;;;;;;;;;;;;;;;;;;;;;;;;;;;;;;;;;;;;;;;;;;;;;;;;;;;;;;;;;;;;;
República Centroafricana;CAF;Niños económicamente activos, mujeres (% de niñas entre los 7 y 14 años de edad);SL.TLF.0714.FE.ZS;;;;;;;;;;;;;;;;;;;;;;;;;;;;;;;;;;;;;;;;;67.6;;;;;;;;;;37.9;;;;;;;;;;;;;;;
Canadá;CAN;Niños económicamente activos, mujeres (% de niñas entre los 7 y 14 años de edad);SL.TLF.0714.FE.ZS;;;;;;;;;;;;;;;;;;;;;;;;;;;;;;;;;;;;;;;;;;;;;;;;;;;;;;;;;;;;;;;;;;
Europa Central y del Báltico;CEB;Niños económicamente activos, mujeres (% de niñas entre los 7 y 14 años de edad);SL.TLF.0714.FE.ZS;;;;;;;;;;;;;;;;;;;;;;;;;;;;;;;;;;;;;;;;;;;;;;;;;;;;;;;;;;;;;;;;;;
Suiza;CHE;Niños económicamente activos, mujeres (% de niñas entre los 7 y 14 años de edad);SL.TLF.0714.FE.ZS;;;;;;;;;;;;;;;;;;;;;;;;;;;;;;;;;;;;;;;;;;;;;;;;;;;;;;;;;;;;;;;;;;
Islas del Canal;CHI;Niños económicamente activos, mujeres (% de niñas entre los 7 y 14 años de edad);SL.TLF.0714.FE.ZS;;;;;;;;;;;;;;;;;;;;;;;;;;;;;;;;;;;;;;;;;;;;;;;;;;;;;;;;;;;;;;;;;;
Chile;CHL;Niños económicamente activos, mujeres (% de niñas entre los 7 y 14 años de edad);SL.TLF.0714.FE.ZS;;;;;;;;;;;;;;;;;;;;;;;;;;;;;;;;;;;;;;;;;;;;3.1;;;;;;;;;2.8;;;;;;;;;;;;;
China;CHN;Niños económicamente activos, mujeres (% de niñas entre los 7 y 14 años de edad);SL.TLF.0714.FE.ZS;;;;;;;;;;;;;;;;;;;;;;;;;;;;;;;;;;;;;;;;;;;;;;;;;;;;;;;;;;;;;;;;;;
Côte d'Ivoire;CIV;Niños económicamente activos, mujeres (% de niñas entre los 7 y 14 años de edad);SL.TLF.0714.FE.ZS;;;;;;;;;;;;;;;;;;;;;;;;;;;;;;;;;;;;;;;;;40.5;;;;;;43.6;;;;;;36.4;;;;;;;;;;;;;
Camerún;CMR;Niños económicamente activos, mujeres (% de niñas entre los 7 y 14 años de edad);SL.TLF.0714.FE.ZS;;;;;;;;;;;;;;;;;;;;;;;;;;;;;;;;;;;;;;;;;;17.40652;;;;;;43.4;;;;60.4;;;;;;;;;;;;;;
Congo, República Democrática del;COD;Niños económicamente activos, mujeres (% de niñas entre los 7 y 14 años de edad);SL.TLF.0714.FE.ZS;;;;;;;;;;;;;;;;;;;;;;;;;;;;;;;;;;;;;;;;;39.8;;;;;;;31.5;;;21.4;;;;43.6084959730716;;;;;;;;;;;
Congo, República del;COG;Niños económicamente activos, mujeres (% de niñas entre los 7 y 14 años de edad);SL.TLF.0714.FE.ZS;;;;;;;;;;;;;;;;;;;;;;;;;;;;;;;;;;;;;;;;;;;;;;30.183;;;;;;;31.6;;;;;;;;;;;;;
Colombia;COL;Niños económicamente activos, mujeres (% de niñas entre los 7 y 14 años de edad);SL.TLF.0714.FE.ZS;;;;;;;;;;;;;;;;;;;;;;;;;;;;;;;;;;;;;;;;;;;;;;1.8;;2.3;;4.39;;;4.7;;4.455055;4.1;;;;;;;;;;
Comoras;COM;Niños económicamente activos, mujeres (% de niñas entre los 7 y 14 años de edad);SL.TLF.0714.FE.ZS;;;;;;;;;;;;;;;;;;;;;;;;;;;;;;;;;;;;;;;;;;;;;;;;;;;;;;;;;;;;;;;;;;
Cabo Verde;CPV;Niños económicamente activos, mujeres (% de niñas entre los 7 y 14 años de edad);SL.TLF.0714.FE.ZS;;;;;;;;;;;;;;;;;;;;;;;;;;;;;;;;;;;;;;;;;;;;;;;;;;;;;;;;;;;;;;;;;;
Costa Rica;CRI;Niños económicamente activos, mujeres (% de niñas entre los 7 y 14 años de edad);SL.TLF.0714.FE.ZS;;;;;;;;;;;;;;;;;;;;;;;;;;;;;;;;;;;;;;;;;;;;;3.5;;;;;;;1.6;;;;;0.63;;;;;;;;;
Estados pequeos del Caribe;CSS;Niños económicamente activos, mujeres (% de niñas entre los 7 y 14 años de edad);SL.TLF.0714.FE.ZS;;;;;;;;;;;;;;;;;;;;;;;;;;;;;;;;;;;;;;;;;;;;;;;;;;;;;;;;;;;;;;;;;;
Cuba;CUB;Niños económicamente activos, mujeres (% de niñas entre los 7 y 14 años de edad);SL.TLF.0714.FE.ZS;;;;;;;;;;;;;;;;;;;;;;;;;;;;;;;;;;;;;;;;;;;;;;;;;;;;;;;;;;;;;;;;;;
Curacao;CUW;Niños económicamente activos, mujeres (% de niñas entre los 7 y 14 años de edad);SL.TLF.0714.FE.ZS;;;;;;;;;;;;;;;;;;;;;;;;;;;;;;;;;;;;;;;;;;;;;;;;;;;;;;;;;;;;;;;;;;
Islas Caimán;CYM;Niños económicamente activos, mujeres (% de niñas entre los 7 y 14 años de edad);SL.TLF.0714.FE.ZS;;;;;;;;;;;;;;;;;;;;;;;;;;;;;;;;;;;;;;;;;;;;;;;;;;;;;;;;;;;;;;;;;;
Chipre;CYP;Niños económicamente activos, mujeres (% de niñas entre los 7 y 14 años de edad);SL.TLF.0714.FE.ZS;;;;;;;;;;;;;;;;;;;;;;;;;;;;;;;;;;;;;;;;;;;;;;;;;;;;;;;;;;;;;;;;;;
República Checa;CZE;Niños económicamente activos, mujeres (% de niñas entre los 7 y 14 años de edad);SL.TLF.0714.FE.ZS;;;;;;;;;;;;;;;;;;;;;;;;;;;;;;;;;;;;;;;;;;;;;;;;;;;;;;;;;;;;;;;;;;
Alemania;DEU;Niños económicamente activos, mujeres (% de niñas entre los 7 y 14 años de edad);SL.TLF.0714.FE.ZS;;;;;;;;;;;;;;;;;;;;;;;;;;;;;;;;;;;;;;;;;;;;;;;;;;;;;;;;;;;;;;;;;;
Djibouti;DJI;Niños económicamente activos, mujeres (% de niñas entre los 7 y 14 años de edad);SL.TLF.0714.FE.ZS;;;;;;;;;;;;;;;;;;;;;;;;;;;;;;;;;;;;;;;;;;;;;;;;;;;;;;;;;;;;;;;;;;
Dominica;DMA;Niños económicamente activos, mujeres (% de niñas entre los 7 y 14 años de edad);SL.TLF.0714.FE.ZS;;;;;;;;;;;;;;;;;;;;;;;;;;;;;;;;;;;;;;;;;;;;;;;;;;;;;;;;;;;;;;;;;;
Dinamarca;DNK;Niños económicamente activos, mujeres (% de niñas entre los 7 y 14 años de edad);SL.TLF.0714.FE.ZS;;;;;;;;;;;;;;;;;;;;;;;;;;;;;;;;;;;;;;;;;;;;;;;;;;;;;;;;;;;;;;;;;;
República Dominicana;DOM;Niños económicamente activos, mujeres (% de niñas entre los 7 y 14 años de edad);SL.TLF.0714.FE.ZS;;;;;;;;;;;;;;;;;;;;;;;;;;;;;;;;;;;;;;;;;;;0.9;;;2.7;;;;7.873248;;;1.405777;;10.3160329660876;;;;;;;;;;;
Argelia;DZA;Niños económicamente activos, mujeres (% de niñas entre los 7 y 14 años de edad);SL.TLF.0714.FE.ZS;;;;;;;;;;;;;;;;;;;;;;;;;;;;;;;;;;;;;;;;;;;;;;;;;;;;;;6.48955221272624;;;;;;;;;;;;
Asia oriental y el Pacífico (excluido altos ingresos);EAP;Niños económicamente activos, mujeres (% de niñas entre los 7 y 14 años de edad);SL.TLF.0714.FE.ZS;;;;;;;;;;;;;;;;;;;;;;;;;;;;;;;;;;;;;;;;;;;;;;;;;;;;;;;;;;;;;;;;;;
inicial del dividendo demográfico;EAR;Niños económicamente activos, mujeres (% de niñas entre los 7 y 14 años de edad);SL.TLF.0714.FE.ZS;;;;;;;;;;;;;;;;;;;;;;;;;;;;;;;;;;;;;;;;;;;;;;;;;;;;;;;;;;;;;;;;;;
Asia oriental y el Pacífico;EAS;Niños económicamente activos, mujeres (% de niñas entre los 7 y 14 años de edad);SL.TLF.0714.FE.ZS;;;;;;;;;;;;;;;;;;;;;;;;;;;;;;;;;;;;;;;;;;;;;;;;;;;;;;;;;;;;;;;;;;
Europa y Asia central (excluido altos ingresos);ECA;Niños económicamente activos, mujeres (% de niñas entre los 7 y 14 años de edad);SL.TLF.0714.FE.ZS;;;;;;;;;;;;;;;;;;;;;;;;;;;;;;;;;;;;;;;;;;;;;;;;;;;;;;;;;;;;;;;;;;
Europa y Asia central;ECS;Niños económicamente activos, mujeres (% de niñas entre los 7 y 14 años de edad);SL.TLF.0714.FE.ZS;;;;;;;;;;;;;;;;;;;;;;;;;;;;;;;;;;;;;;;;;;;;;;;;;;;;;;;;;;;;;;;;;;
Ecuador;ECU;Niños económicamente activos, mujeres (% de niñas entre los 7 y 14 años de edad);SL.TLF.0714.FE.ZS;;;;;;;;;;;;;;;;;;;;;;;;;;;;;;;;;;;;;;;;;;;;;9.3;;11.6;;;5.2;;2.5;;;;5.179114;;;;;;;;;;
Egipto, República Árabe de;EGY;Niños económicamente activos, mujeres (% de niñas entre los 7 y 14 años de edad);SL.TLF.0714.FE.ZS;;;;;;;;;;;;;;;;;;;;;;;;;;;;;;;;;;;;;;;;;;;;;;4.3;;;;0.9;;;;;;;;;;;;;;;;
Zona del Euro;EMU;Niños económicamente activos, mujeres (% de niñas entre los 7 y 14 años de edad);SL.TLF.0714.FE.ZS;;;;;;;;;;;;;;;;;;;;;;;;;;;;;;;;;;;;;;;;;;;;;;;;;;;;;;;;;;;;;;;;;;
Eritrea;ERI;Niños económicamente activos, mujeres (% de niñas entre los 7 y 14 años de edad);SL.TLF.0714.FE.ZS;;;;;;;;;;;;;;;;;;;;;;;;;;;;;;;;;;;;;;;;;;;;;;;;;;;;;;;;;;;;;;;;;;
España;ESP;Niños económicamente activos, mujeres (% de niñas entre los 7 y 14 años de edad);SL.TLF.0714.FE.ZS;;;;;;;;;;;;;;;;;;;;;;;;;;;;;;;;;;;;;;;;;;;;;;;;;;;;;;;;;;;;;;;;;;
Estonia;EST;Niños económicamente activos, mujeres (% de niñas entre los 7 y 14 años de edad);SL.TLF.0714.FE.ZS;;;;;;;;;;;;;;;;;;;;;;;;;;;;;;;;;;;;;;;;;;;;;;;;;;;;;;;;;;;;;;;;;;
Etiopía;ETH;Niños económicamente activos, mujeres (% de niñas entre los 7 y 14 años de edad);SL.TLF.0714.FE.ZS;;;;;;;;;;;;;;;;;;;;;;;;;;;;;;;;;;;;;;;;;;;;;;47.1;;;;;;19.5;;;;;;;;;;;;;;
Unión Europea;EUU;Niños económicamente activos, mujeres (% de niñas entre los 7 y 14 años de edad);SL.TLF.0714.FE.ZS;;;;;;;;;;;;;;;;;;;;;;;;;;;;;;;;;;;;;;;;;;;;;;;;;;;;;;;;;;;;;;;;;;
Frágiles y situaciones de conflicto afectados;FCS;Niños económicamente activos, mujeres (% de niñas entre los 7 y 14 años de edad);SL.TLF.0714.FE.ZS;;;;;;;;;;;;;;;;;;;;;;;;;;;;;;;;;;;;;;;;;;;;;;;;;;;;;;;;;;;;;;;;;;
Finlandia;FIN;Niños económicamente activos, mujeres (% de niñas entre los 7 y 14 años de edad);SL.TLF.0714.FE.ZS;;;;;;;;;;;;;;;;;;;;;;;;;;;;;;;;;;;;;;;;;;;;;;;;;;;;;;;;;;;;;;;;;;
Fiji;FJI;Niños económicamente activos, mujeres (% de niñas entre los 7 y 14 años de edad);SL.TLF.0714.FE.ZS;;;;;;;;;;;;;;;;;;;;;;;;;;;;;;;;;;;;;;;;;;;;;;;;;;;;;;;;;;;;;;;;;;
Francia;FRA;Niños económicamente activos, mujeres (% de niñas entre los 7 y 14 años de edad);SL.TLF.0714.FE.ZS;;;;;;;;;;;;;;;;;;;;;;;;;;;;;;;;;;;;;;;;;;;;;;;;;;;;;;;;;;;;;;;;;;
Islas Feroe;FRO;Niños económicamente activos, mujeres (% de niñas entre los 7 y 14 años de edad);SL.TLF.0714.FE.ZS;;;;;;;;;;;;;;;;;;;;;;;;;;;;;;;;;;;;;;;;;;;;;;;;;;;;;;;;;;;;;;;;;;
Micronesia (Estados Federados de);FSM;Niños económicamente activos, mujeres (% de niñas entre los 7 y 14 años de edad);SL.TLF.0714.FE.ZS;;;;;;;;;;;;;;;;;;;;;;;;;;;;;;;;;;;;;;;;;;;;;;;;;;;;;;;;;;;;;;;;;;
Gabón;GAB;Niños económicamente activos, mujeres (% de niñas entre los 7 y 14 años de edad);SL.TLF.0714.FE.ZS;;;;;;;;;;;;;;;;;;;;;;;;;;;;;;;;;;;;;;;;;;;;;;;;;;;;;22.6;;;;;;;;;;;;;
Reino Unido;GBR;Niños económicamente activos, mujeres (% de niñas entre los 7 y 14 años de edad);SL.TLF.0714.FE.ZS;;;;;;;;;;;;;;;;;;;;;;;;;;;;;;;;;;;;;;;;;;;;;;;;;;;;;;;;;;;;;;;;;;
Georgia;GEO;Niños económicamente activos, mujeres (% de niñas entre los 7 y 14 años de edad);SL.TLF.0714.FE.ZS;;;;;;;;;;;;;;;;;;;;;;;;;;;;;;;;;;;;;;;;;;;;;;;29.9;;;;;;;;;;;;;;;;;;;
Ghana;GHA;Niños económicamente activos, mujeres (% de niñas entre los 7 y 14 años de edad);SL.TLF.0714.FE.ZS;;;;;;;;;;;;;;;;;;;;;;;;;;;;;;;;;;;;;;;;;;;;5.9;;;48;;;;;;28.67899;;;;;;;;;;;;;
Gibraltar;GIB;Niños económicamente activos, mujeres (% de niñas entre los 7 y 14 años de edad);SL.TLF.0714.FE.ZS;;;;;;;;;;;;;;;;;;;;;;;;;;;;;;;;;;;;;;;;;;;;;;;;;;;;;;;;;;;;;;;;;;
Guinea;GIN;Niños económicamente activos, mujeres (% de niñas entre los 7 y 14 años de edad);SL.TLF.0714.FE.ZS;;;;;;;;;;;;;;;;;;;;;;;;;;;;;;;;;;;49.5;;;;;;;;;;;;;;;;44.7;;35.9;;;;;;;;;;;;;
Gambia;GMB;Niños económicamente activos, mujeres (% de niñas entre los 7 y 14 años de edad);SL.TLF.0714.FE.ZS;;;;;;;;;;;;;;;;;;;;;;;;;;;;;;;;;;;;;;;;;25.27115;;;;;52.3;;;34.3;;;;;;;21.24;;;;;;;;;;
Guinea-Bissau;GNB;Niños económicamente activos, mujeres (% de niñas entre los 7 y 14 años de edad);SL.TLF.0714.FE.ZS;;;;;;;;;;;;;;;;;;;;;;;;;;;;;;;;;;;;;;;;;67.5;;;;;;48.1;;;;;;;;62.4593338755161;;;;;;;;;;;
Guinea Ecuatorial;GNQ;Niños económicamente activos, mujeres (% de niñas entre los 7 y 14 años de edad);SL.TLF.0714.FE.ZS;;;;;;;;;;;;;;;;;;;;;;;;;;;;;;;;;;;;;;;;;;;;;;;;;;;;;;;;;;;;;;;;;;
Grecia;GRC;Niños económicamente activos, mujeres (% de niñas entre los 7 y 14 años de edad);SL.TLF.0714.FE.ZS;;;;;;;;;;;;;;;;;;;;;;;;;;;;;;;;;;;;;;;;;;;;;;;;;;;;;;;;;;;;;;;;;;
Granada;GRD;Niños económicamente activos, mujeres (% de niñas entre los 7 y 14 años de edad);SL.TLF.0714.FE.ZS;;;;;;;;;;;;;;;;;;;;;;;;;;;;;;;;;;;;;;;;;;;;;;;;;;;;;;;;;;;;;;;;;;
Groenlandia;GRL;Niños económicamente activos, mujeres (% de niñas entre los 7 y 14 años de edad);SL.TLF.0714.FE.ZS;;;;;;;;;;;;;;;;;;;;;;;;;;;;;;;;;;;;;;;;;;;;;;;;;;;;;;;;;;;;;;;;;;
Guatemala;GTM;Niños económicamente activos, mujeres (% de niñas entre los 7 y 14 años de edad);SL.TLF.0714.FE.ZS;;;;;;;;;;;;;;;;;;;;;;;;;;;;;;;;;;;;;;;;;;;;16;10.5;;11.7;;;;;;11.4;;6.323827;4.24633155138556;;;;;;;;;;
Guam;GUM;Niños económicamente activos, mujeres (% de niñas entre los 7 y 14 años de edad);SL.TLF.0714.FE.ZS;;;;;;;;;;;;;;;;;;;;;;;;;;;;;;;;;;;;;;;;;;;;;;;;;;;;;;;;;;;;;;;;;;
Guyana;GUY;Niños económicamente activos, mujeres (% de niñas entre los 7 y 14 años de edad);SL.TLF.0714.FE.ZS;;;;;;;;;;;;;;;;;;;;;;;;;;;;;;;;;;;;;;;;;;;;;;;;;;;;;;;;;;;;;;;;;;
Ingreso alto;HIC;Niños económicamente activos, mujeres (% de niñas entre los 7 y 14 años de edad);SL.TLF.0714.FE.ZS;;;;;;;;;;;;;;;;;;;;;;;;;;;;;;;;;;;;;;;;;;;;;;;;;;;;;;;;;;;;;;;;;;
Hong Kong, Región Administrativa Especial;HKG;Niños económicamente activos, mujeres (% de niñas entre los 7 y 14 años de edad);SL.TLF.0714.FE.ZS;;;;;;;;;;;;;;;;;;;;;;;;;;;;;;;;;;;;;;;;;;;;;;;;;;;;;;;;;;;;;;;;;;
Honduras;HND;Niños económicamente activos, mujeres (% de niñas entre los 7 y 14 años de edad);SL.TLF.0714.FE.ZS;;;;;;;;;;;;;;;;;;;;;;;;;;;;;;;;;;;;;;;;;;;;;3.2;;;4.1;;;;3;;3.8;5.753953;;;;;;;;;;;
Países pobres muy endeudados (PPME);HPC;Niños económicamente activos, mujeres (% de niñas entre los 7 y 14 años de edad);SL.TLF.0714.FE.ZS;;;;;;;;;;;;;;;;;;;;;;;;;;;;;;;;;;;;;;;;;;;;;;;;;;;;;;;;;;;;;;;;;;
Croacia;HRV;Niños económicamente activos, mujeres (% de niñas entre los 7 y 14 años de edad);SL.TLF.0714.FE.ZS;;;;;;;;;;;;;;;;;;;;;;;;;;;;;;;;;;;;;;;;;;;;;;;;;;;;;;;;;;;;;;;;;;
Haití;HTI;Niños económicamente activos, mujeres (% de niñas entre los 7 y 14 años de edad);SL.TLF.0714.FE.ZS;;;;;;;;;;;;;;;;;;;;;;;;;;;;;;;;;;;;;;;;;;;;;;;29.6;;;;;;35.2;;;;;;;;;;;;;
Hungría;HUN;Niños económicamente activos, mujeres (% de niñas entre los 7 y 14 años de edad);SL.TLF.0714.FE.ZS;;;;;;;;;;;;;;;;;;;;;;;;;;;;;;;;;;;;;;;;;;;;;;;;;;;;;;;;;;;;;;;;;;
Sólo BIRF;IBD;Niños económicamente activos, mujeres (% de niñas entre los 7 y 14 años de edad);SL.TLF.0714.FE.ZS;;;;;;;;;;;;;;;;;;;;;;;;;;;;;;;;;;;;;;;;;;;;;;;;;;;;;;;;;;;;;;;;;;
BIRF y la AIF;IBT;Niños económicamente activos, mujeres (% de niñas entre los 7 y 14 años de edad);SL.TLF.0714.FE.ZS;;;;;;;;;;;;;;;;;;;;;;;;;;;;;;;;;;;;;;;;;;;;;;;;;;;;;;;;;;;;;;;;;;
total de la AIF;IDA;Niños económicamente activos, mujeres (% de niñas entre los 7 y 14 años de edad);SL.TLF.0714.FE.ZS;;;;;;;;;;;;;;;;;;;;;;;;;;;;;;;;;;;;;;;;;;;;;;;;;;;;;;;;;;;;;;;;;;
mezcla de la AIF;IDB;Niños económicamente activos, mujeres (% de niñas entre los 7 y 14 años de edad);SL.TLF.0714.FE.ZS;;;;;;;;;;;;;;;;;;;;;;;;;;;;;;;;;;;;;;;;;;;;;;;;;;;;;;;;;;;;;;;;;;
Indonesia;IDN;Niños económicamente activos, mujeres (% de niñas entre los 7 y 14 años de edad);SL.TLF.0714.FE.ZS;;;;;;;;;;;;;;;;;;;;;;;;;;;;;;;;;;;;;;;;;9.101751;;;;;;;;;6.2;3.2;;;;;;;;;;;;;;;
Sólo AIF;IDX;Niños económicamente activos, mujeres (% de niñas entre los 7 y 14 años de edad);SL.TLF.0714.FE.ZS;;;;;;;;;;;;;;;;;;;;;;;;;;;;;;;;;;;;;;;;;;;;;;;;;;;;;;;;;;;;;;;;;;
Isla de Man;IMN;Niños económicamente activos, mujeres (% de niñas entre los 7 y 14 años de edad);SL.TLF.0714.FE.ZS;;;;;;;;;;;;;;;;;;;;;;;;;;;;;;;;;;;;;;;;;;;;;;;;;;;;;;;;;;;;;;;;;;
India;IND;Niños económicamente activos, mujeres (% de niñas entre los 7 y 14 años de edad);SL.TLF.0714.FE.ZS;;;;;;;;;;;;;;;;;;;;;;;;;;;;;;;;;;;;;;;;;5.1;;;;;4.2;13.1;;;;2.1;;1.6;;;;;;;;;;;;;
No clasificado;INX;Niños económicamente activos, mujeres (% de niñas entre los 7 y 14 años de edad);SL.TLF.0714.FE.ZS;;;;;;;;;;;;;;;;;;;;;;;;;;;;;;;;;;;;;;;;;;;;;;;;;;;;;;;;;;;;;;;;;;
Irlanda;IRL;Niños económicamente activos, mujeres (% de niñas entre los 7 y 14 años de edad);SL.TLF.0714.FE.ZS;;;;;;;;;;;;;;;;;;;;;;;;;;;;;;;;;;;;;;;;;;;;;;;;;;;;;;;;;;;;;;;;;;
Irán, República Islámica del;IRN;Niños económicamente activos, mujeres (% de niñas entre los 7 y 14 años de edad);SL.TLF.0714.FE.ZS;;;;;;;;;;;;;;;;;;;;;;;;;;;;;;;;;;;;;;;;;;;;;;;;;;;;;;;;;;;;;;;;;;
Iraq;IRQ;Niños económicamente activos, mujeres (% de niñas entre los 7 y 14 años de edad);SL.TLF.0714.FE.ZS;;;;;;;;;;;;;;;;;;;;;;;;;;;;;;;;;;;;;;;;;9.674926;;;;;;11.3;;;;;4.3;;;;;;;;;;;;;;
Islandia;ISL;Niños económicamente activos, mujeres (% de niñas entre los 7 y 14 años de edad);SL.TLF.0714.FE.ZS;;;;;;;;;;;;;;;;;;;;;;;;;;;;;;;;;;;;;;;;;;;;;;;;;;;;;;;;;;;;;;;;;;
Israel;ISR;Niños económicamente activos, mujeres (% de niñas entre los 7 y 14 años de edad);SL.TLF.0714.FE.ZS;;;;;;;;;;;;;;;;;;;;;;;;;;;;;;;;;;;;;;;;;;;;;;;;;;;;;;;;;;;;;;;;;;
Italia;ITA;Niños económicamente activos, mujeres (% de niñas entre los 7 y 14 años de edad);SL.TLF.0714.FE.ZS;;;;;;;;;;;;;;;;;;;;;;;;;;;;;;;;;;;;;;;;;;;;;;;;;;;;;;;;;;;;;;;;;;
Jamaica;JAM;Niños económicamente activos, mujeres (% de niñas entre los 7 y 14 años de edad);SL.TLF.0714.FE.ZS;;;;;;;;;;;;;;;;;;;;;;;;;;;;;;;;;;;;;;;;;;;0.6;;;8.3;;;;;;6;;;;;;;;;;;;;;
Jordania;JOR;Niños económicamente activos, mujeres (% de niñas entre los 7 y 14 años de edad);SL.TLF.0714.FE.ZS;;;;;;;;;;;;;;;;;;;;;;;;;;;;;;;;;;;;;;;;;;;;;;;;0.4;;;;;;;;;0.4;;;;;;;;;
Japón;JPN;Niños económicamente activos, mujeres (% de niñas entre los 7 y 14 años de edad);SL.TLF.0714.FE.ZS;;;;;;;;;;;;;;;;;;;;;;;;;;;;;;;;;;;;;;;;;;;;;;;;;;;;;;;;;;;;;;;;;;
Kazajstán;KAZ;Niños económicamente activos, mujeres (% de niñas entre los 7 y 14 años de edad);SL.TLF.0714.FE.ZS;;;;;;;;;;;;;;;;;;;;;;;;;;;;;;;;;;;;;29.1;;;;;;;;;;2.8;;;;;;;;;;;;;;;;;;;
Kenya;KEN;Niños económicamente activos, mujeres (% de niñas entre los 7 y 14 años de edad);SL.TLF.0714.FE.ZS;;;;;;;;;;;;;;;;;;;;;;;;;;;;;;;;;;;;;;;;6.4;35.2;;;;;;;;;33.9214473789197;;;;;;;;;;;;;;;;
Kirguistán;KGZ;Niños económicamente activos, mujeres (% de niñas entre los 7 y 14 años de edad);SL.TLF.0714.FE.ZS;;;;;;;;;;;;;;;;;;;;;;;;;;;;;;;;;;;;;;;7.6;;;;;;;;4.6;35.6;;;;;;;33.7031322400892;;;;;;;;;;;
Camboya;KHM;Niños económicamente activos, mujeres (% de niñas entre los 7 y 14 años de edad);SL.TLF.0714.FE.ZS;;;;;;;;;;;;;;;;;;;;;;;;;;;;;;;;;;;;;;;;;;52.1;;;48.1;;;;;33.9;;;12.1;;;;;;;;;;;;;
Kiribati;KIR;Niños económicamente activos, mujeres (% de niñas entre los 7 y 14 años de edad);SL.TLF.0714.FE.ZS;;;;;;;;;;;;;;;;;;;;;;;;;;;;;;;;;;;;;;;;;;;;;;;;;;;;;;;;;;;;;;;;;;
Saint Kitts y Nevis;KNA;Niños económicamente activos, mujeres (% de niñas entre los 7 y 14 años de edad);SL.TLF.0714.FE.ZS;;;;;;;;;;;;;;;;;;;;;;;;;;;;;;;;;;;;;;;;;;;;;;;;;;;;;;;;;;;;;;;;;;
Corea, República de;KOR;Niños económicamente activos, mujeres (% de niñas entre los 7 y 14 años de edad);SL.TLF.0714.FE.ZS;;;;;;;;;;;;;;;;;;;;;;;;;;;;;;;;;;;;;;;;;;;;;;;;;;;;;;;;;;;;;;;;;;
Kuwait;KWT;Niños económicamente activos, mujeres (% de niñas entre los 7 y 14 años de edad);SL.TLF.0714.FE.ZS;;;;;;;;;;;;;;;;;;;;;;;;;;;;;;;;;;;;;;;;;;;;;;;;;;;;;;;;;;;;;;;;;;
América Latina y el Caribe (excluido altos ingresos);LAC;Niños económicamente activos, mujeres (% de niñas entre los 7 y 14 años de edad);SL.TLF.0714.FE.ZS;;;;;;;;;;;;;;;;;;;;;;;;;;;;;;;;;;;;;;;;;;;;;;;;;;;;;;;;;;;;;;;;;;
República Democrática Popular Lao;LAO;Niños económicamente activos, mujeres (% de niñas entre los 7 y 14 años de edad);SL.TLF.0714.FE.ZS;;;;;;;;;;;;;;;;;;;;;;;;;;;;;;;;;;;;;;;;;;;;;;;19.2;;;;9.7;;;;;;;;;;;;;;;
Líbano;LBN;Niños económicamente activos, mujeres (% de niñas entre los 7 y 14 años de edad);SL.TLF.0714.FE.ZS;;;;;;;;;;;;;;;;;;;;;;;;;;;;;;;;;;;;;;;;;;;;;;;;;;;;;;;;;;;;;;;;;;
Liberia;LBR;Niños económicamente activos, mujeres (% de niñas entre los 7 y 14 años de edad);SL.TLF.0714.FE.ZS;;;;;;;;;;;;;;;;;;;;;;;;;;;;;;;;;;;;;;;;;;;;;;;;37.1;;;15;;;;;;;;;;;;;;;
Libia;LBY;Niños económicamente activos, mujeres (% de niñas entre los 7 y 14 años de edad);SL.TLF.0714.FE.ZS;;;;;;;;;;;;;;;;;;;;;;;;;;;;;;;;;;;;;;;;;;;;;;;;;;;;;;;;;;;;;;;;;;
Santa Lucía;LCA;Niños económicamente activos, mujeres (% de niñas entre los 7 y 14 años de edad);SL.TLF.0714.FE.ZS;;;;;;;;;;;;;;;;;;;;;;;;;;;;;;;;;;;;;;;;;;;;;;;;;;;;;;;;;;;;;;;;;;
América Latina y el Caribe;LCN;Niños económicamente activos, mujeres (% de niñas entre los 7 y 14 años de edad);SL.TLF.0714.FE.ZS;;;;;;;;;;;;;;;;;;;;;;;;;;;;;;;;;;;;;;;;;;;;;;;;;;;;;;;;;;;;;;;;;;
Países menos desarrollados: clasificación de las Naciones Unidas;LDC;Niños económicamente activos, mujeres (% de niñas entre los 7 y 14 años de edad);SL.TLF.0714.FE.ZS;;;;;;;;;;;;;;;;;;;;;;;;;;;;;;;;;;;;;;;;;;;;;;;;;;;;;;;;;;;;;;;;;;
Países de ingreso bajo;LIC;Niños económicamente activos, mujeres (% de niñas entre los 7 y 14 años de edad);SL.TLF.0714.FE.ZS;;;;;;;;;;;;;;;;;;;;;;;;;;;;;;;;;;;;;;;;;;;;;;;;;;;;;;;;;;;;;;;;;;
Liechtenstein;LIE;Niños económicamente activos, mujeres (% de niñas entre los 7 y 14 años de edad);SL.TLF.0714.FE.ZS;;;;;;;;;;;;;;;;;;;;;;;;;;;;;;;;;;;;;;;;;;;;;;;;;;;;;;;;;;;;;;;;;;
Sri Lanka;LKA;Niños económicamente activos, mujeres (% de niñas entre los 7 y 14 años de edad);SL.TLF.0714.FE.ZS;;;;;;;;;;;;;;;;;;;;;;;;;;;;;;;;;;;;;;;;13.4;;;;;;;;;;8.5;;;;;;;;;;;;;;;;
Países de ingreso mediano bajo;LMC;Niños económicamente activos, mujeres (% de niñas entre los 7 y 14 años de edad);SL.TLF.0714.FE.ZS;;;;;;;;;;;;;;;;;;;;;;;;;;;;;;;;;;;;;;;;;;;;;;;;;;;;;;;;;;;;;;;;;;
Ingreso mediano y bajo;LMY;Niños económicamente activos, mujeres (% de niñas entre los 7 y 14 años de edad);SL.TLF.0714.FE.ZS;;;;;;;;;;;;;;;;;;;;;;;;;;;;;;;;;;;;;;;;;;;;;;;;;;;;;;;;;;;;;;;;;;
Lesotho;LSO;Niños económicamente activos, mujeres (% de niñas entre los 7 y 14 años de edad);SL.TLF.0714.FE.ZS;;;;;;;;;;;;;;;;;;;;;;;;;;;;;;;;;;;;;;;;;27.52267;;1.3;;;;;;;;;;;;;;;;;;;;;;;
avanzada del dividendo demográfico;LTE;Niños económicamente activos, mujeres (% de niñas entre los 7 y 14 años de edad);SL.TLF.0714.FE.ZS;;;;;;;;;;;;;;;;;;;;;;;;;;;;;;;;;;;;;;;;;;;;;;;;;;;;;;;;;;;;;;;;;;
Lituania;LTU;Niños económicamente activos, mujeres (% de niñas entre los 7 y 14 años de edad);SL.TLF.0714.FE.ZS;;;;;;;;;;;;;;;;;;;;;;;;;;;;;;;;;;;;;;;;;;;;;;;;;;;;;;;;;;;;;;;;;;
Luxemburgo;LUX;Niños económicamente activos, mujeres (% de niñas entre los 7 y 14 años de edad);SL.TLF.0714.FE.ZS;;;;;;;;;;;;;;;;;;;;;;;;;;;;;;;;;;;;;;;;;;;;;;;;;;;;;;;;;;;;;;;;;;
Letonia;LVA;Niños económicamente activos, mujeres (% de niñas entre los 7 y 14 años de edad);SL.TLF.0714.FE.ZS;;;;;;;;;;;;;;;;;;;;;;;;;;;;;;;;;;;;;;;;;;;;;;;;;;;;;;;;;;;;;;;;;;
Región Administrativa Especial de Macao, China;MAC;Niños económicamente activos, mujeres (% de niñas entre los 7 y 14 años de edad);SL.TLF.0714.FE.ZS;;;;;;;;;;;;;;;;;;;;;;;;;;;;;;;;;;;;;;;;;;;;;;;;;;;;;;;;;;;;;;;;;;
Isla de San Martín (parte francesa);MAF;Niños económicamente activos, mujeres (% de niñas entre los 7 y 14 años de edad);SL.TLF.0714.FE.ZS;;;;;;;;;;;;;;;;;;;;;;;;;;;;;;;;;;;;;;;;;;;;;;;;;;;;;;;;;;;;;;;;;;
Marruecos;MAR;Niños económicamente activos, mujeres (% de niñas entre los 7 y 14 años de edad);SL.TLF.0714.FE.ZS;;;;;;;;;;;;;;;;;;;;;;;;;;;;;;;;;;;;;;;;12.8;;;;;3;;;;;;;;;;;;;;;;;;;;;
Mónaco;MCO;Niños económicamente activos, mujeres (% de niñas entre los 7 y 14 años de edad);SL.TLF.0714.FE.ZS;;;;;;;;;;;;;;;;;;;;;;;;;;;;;;;;;;;;;;;;;;;;;;;;;;;;;;;;;;;;;;;;;;
República de Moldova;MDA;Niños económicamente activos, mujeres (% de niñas entre los 7 y 14 años de edad);SL.TLF.0714.FE.ZS;;;;;;;;;;;;;;;;;;;;;;;;;;;;;;;;;;;;;;;;;32.8;;;;;;;;;23;;;;;;;;;;;;;;;;
Madagascar;MDG;Niños económicamente activos, mujeres (% de niñas entre los 7 y 14 años de edad);SL.TLF.0714.FE.ZS;;;;;;;;;;;;;;;;;;;;;;;;;;;;;;;;;;;;;;;;;;25.13218;;;;;;24.2;;;;;;;;;;;;;;;;;;
Maldivas;MDV;Niños económicamente activos, mujeres (% de niñas entre los 7 y 14 años de edad);SL.TLF.0714.FE.ZS;;;;;;;;;;;;;;;;;;;;;;;;;;;;;;;;;;;;;;;;;;;;;;;;;;;;;;;;;;;;;;;;;;
Oriente Medio, Norte de África, Afganistán y Pakistán;MEA;Niños económicamente activos, mujeres (% de niñas entre los 7 y 14 años de edad);SL.TLF.0714.FE.ZS;;;;;;;;;;;;;;;;;;;;;;;;;;;;;;;;;;;;;;;;;;;;;;;;;;;;;;;;;;;;;;;;;;
México;MEX;Niños económicamente activos, mujeres (% de niñas entre los 7 y 14 años de edad);SL.TLF.0714.FE.ZS;;;;;;;;;;;;;;;;;;;;;;;;;;;;;;;;;;;;;;;;;;;;;5.6;;;5.6;;7.6;4.7;4.4;;3.795669;;;;;;;;;;;;
Islas Marshall;MHL;Niños económicamente activos, mujeres (% de niñas entre los 7 y 14 años de edad);SL.TLF.0714.FE.ZS;;;;;;;;;;;;;;;;;;;;;;;;;;;;;;;;;;;;;;;;;;;;;;;;;;;;;;;;;;;;;;;;;;
 Ingreso mediano;MIC;Niños económicamente activos, mujeres (% de niñas entre los 7 y 14 años de edad);SL.TLF.0714.FE.ZS;;;;;;;;;;;;;;;;;;;;;;;;;;;;;;;;;;;;;;;;;;;;;;;;;;;;;;;;;;;;;;;;;;
Macedonia del Norte;MKD;Niños económicamente activos, mujeres (% de niñas entre los 7 y 14 años de edad);SL.TLF.0714.FE.ZS;;;;;;;;;;;;;;;;;;;;;;;;;;;;;;;;;;;;;;;;;;;;;;;8.6;;;;;19.2;;;;;;;;;;;;;;
Malí;MLI;Niños económicamente activos, mujeres (% de niñas entre los 7 y 14 años de edad);SL.TLF.0714.FE.ZS;;;;;;;;;;;;;;;;;;;;;;;;;;;;;;;;;;;;;;;;;;;;;;39.4;44.1;21.6;;;;;;27;;;;;;;;;;;;
Malta;MLT;Niños económicamente activos, mujeres (% de niñas entre los 7 y 14 años de edad);SL.TLF.0714.FE.ZS;;;;;;;;;;;;;;;;;;;;;;;;;;;;;;;;;;;;;;;;;;;;;;;;;;;;;;;;;;;;;;;;;;
Myanmar;MMR;Niños económicamente activos, mujeres (% de niñas entre los 7 y 14 años de edad);SL.TLF.0714.FE.ZS;;;;;;;;;;;;;;;;;;;;;;;;;;;;;;;;;;;;;;;;;;;;;;;;;;;;;;;;;;;;;;;;;;
Oriente Medio y Norte de África (excluido altos ingresos);MNA;Niños económicamente activos, mujeres (% de niñas entre los 7 y 14 años de edad);SL.TLF.0714.FE.ZS;;;;;;;;;;;;;;;;;;;;;;;;;;;;;;;;;;;;;;;;;;;;;;;;;;;;;;;;;;;;;;;;;;
Montenegro;MNE;Niños económicamente activos, mujeres (% de niñas entre los 7 y 14 años de edad);SL.TLF.0714.FE.ZS;;;;;;;;;;;;;;;;;;;;;;;;;;;;;;;;;;;;;;;;;;;;;;;;;;;;;;;;;;;;;;;;;;
Mongolia;MNG;Niños económicamente activos, mujeres (% de niñas entre los 7 y 14 años de edad);SL.TLF.0714.FE.ZS;;;;;;;;;;;;;;;;;;;;;;;;;;;;;;;;;;;;;;;;;20.59043;;;;;10.7;;8.6;;;;;15.5;12.176944811783;;;;;;;;;;;;
Mariana;MNP;Niños económicamente activos, mujeres (% de niñas entre los 7 y 14 años de edad);SL.TLF.0714.FE.ZS;;;;;;;;;;;;;;;;;;;;;;;;;;;;;;;;;;;;;;;;;;;;;;;;;;;;;;;;;;;;;;;;;;
Mozambique;MOZ;Niños económicamente activos, mujeres (% de niñas entre los 7 y 14 años de edad);SL.TLF.0714.FE.ZS;;;;;;;;;;;;;;;;;;;;;;;;;;;;;;;;;;;;;1.7;;;;;;;;;;;;27.7;;;;;;;;;;;;;;;;;
Mauritania;MRT;Niños económicamente activos, mujeres (% de niñas entre los 7 y 14 años de edad);SL.TLF.0714.FE.ZS;;;;;;;;;;;;;;;;;;;;;;;;;;;;;;;;;;;;;;;;;;;;;;;;18.6;;;;12.77774;;;;;;;;;;;;;;
Mauricio;MUS;Niños económicamente activos, mujeres (% de niñas entre los 7 y 14 años de edad);SL.TLF.0714.FE.ZS;;;;;;;;;;;;;;;;;;;;;;;;;;;;;;;;;;;;;;;;;;;;;;;;;;;;;;;;;;;;;;;;;;
Malawi;MWI;Niños económicamente activos, mujeres (% de niñas entre los 7 y 14 años de edad);SL.TLF.0714.FE.ZS;;;;;;;;;;;;;;;;;;;;;;;;;;;;;;;;;;;;;;;;;;;;;40.3;;39.4;;;;;23.8;;;44.3497;47;;;;;;;;;;
Malasia;MYS;Niños económicamente activos, mujeres (% de niñas entre los 7 y 14 años de edad);SL.TLF.0714.FE.ZS;;;;;;;;;;;;;;;;;;;;;;;;;;;;;;;;;;;;;;;;;;;;;;;;;;;;;;;;;;;;;;;;;;
América del Norte;NAC;Niños económicamente activos, mujeres (% de niñas entre los 7 y 14 años de edad);SL.TLF.0714.FE.ZS;;;;;;;;;;;;;;;;;;;;;;;;;;;;;;;;;;;;;;;;;;;;;;;;;;;;;;;;;;;;;;;;;;
Namibia;NAM;Niños económicamente activos, mujeres (% de niñas entre los 7 y 14 años de edad);SL.TLF.0714.FE.ZS;;;;;;;;;;;;;;;;;;;;;;;;;;;;;;;;;;;;;;;;14.6857321465481;;;;;;;;;;;;;;;;;;;;;;;;;;
Nueva Caledonia;NCL;Niños económicamente activos, mujeres (% de niñas entre los 7 y 14 años de edad);SL.TLF.0714.FE.ZS;;;;;;;;;;;;;;;;;;;;;;;;;;;;;;;;;;;;;;;;;;;;;;;;;;;;;;;;;;;;;;;;;;
Níger;NER;Niños económicamente activos, mujeres (% de niñas entre los 7 y 14 años de edad);SL.TLF.0714.FE.ZS;;;;;;;;;;;;;;;;;;;;;;;;;;;;;;;;;;;;;;;;;;;;;;;;45;;57.7;;;46.7;;;;;;;;;;;;;
Nigeria;NGA;Niños económicamente activos, mujeres (% de niñas entre los 7 y 14 años de edad);SL.TLF.0714.FE.ZS;;;;;;;;;;;;;;;;;;;;;;;;;;;;;;;;;;;;;;;;;;;;;;;;40.1;;;18.7;36.04485;;;;;;;;;;;;;;
Nicaragua;NIC;Niños económicamente activos, mujeres (% de niñas entre los 7 y 14 años de edad);SL.TLF.0714.FE.ZS;;;;;;;;;;;;;;;;;;;;;;;;;;;;;;;;;;;;;;;;;;6.4996287654;;;;3.9;;;;;21.2;;38.95829;;;;;;;;;;;;;
Países Bajos;NLD;Niños económicamente activos, mujeres (% de niñas entre los 7 y 14 años de edad);SL.TLF.0714.FE.ZS;;;;;;;;;;;;;;;;;;;;;;;;;;;;;;;;;;;;;;;;;;;;;;;;;;;;;;;;;;;;;;;;;;
Noruega;NOR;Niños económicamente activos, mujeres (% de niñas entre los 7 y 14 años de edad);SL.TLF.0714.FE.ZS;;;;;;;;;;;;;;;;;;;;;;;;;;;;;;;;;;;;;;;;;;;;;;;;;;;;;;;;;;;;;;;;;;
Nepal;NPL;Niños económicamente activos, mujeres (% de niñas entre los 7 y 14 años de edad);SL.TLF.0714.FE.ZS;;;;;;;;;;;;;;;;;;;;;;;;;;;;;;;;;;;;;;;;52.4;;;;;;;;;45.4;;;;;;44.0913556662385;;;;;;;;;;;
Nauru;NRU;Niños económicamente activos, mujeres (% de niñas entre los 7 y 14 años de edad);SL.TLF.0714.FE.ZS;;;;;;;;;;;;;;;;;;;;;;;;;;;;;;;;;;;;;;;;;;;;;;;;;;;;;;;;;;;;;;;;;;
Nueva Zelandia;NZL;Niños económicamente activos, mujeres (% de niñas entre los 7 y 14 años de edad);SL.TLF.0714.FE.ZS;;;;;;;;;;;;;;;;;;;;;;;;;;;;;;;;;;;;;;;;;;;;;;;;;;;;;;;;;;;;;;;;;;
Miembros OCDE;OED;Niños económicamente activos, mujeres (% de niñas entre los 7 y 14 años de edad);SL.TLF.0714.FE.ZS;;;;;;;;;;;;;;;;;;;;;;;;;;;;;;;;;;;;;;;;;;;;;;;;;;;;;;;;;;;;;;;;;;
Omán;OMN;Niños económicamente activos, mujeres (% de niñas entre los 7 y 14 años de edad);SL.TLF.0714.FE.ZS;;;;;;;;;;;;;;;;;;;;;;;;;;;;;;;;;;;;;;;;;;;;;;;;;;;;;;;;;;;;;;;;;;
Otros Estados pequeos;OSS;Niños económicamente activos, mujeres (% de niñas entre los 7 y 14 años de edad);SL.TLF.0714.FE.ZS;;;;;;;;;;;;;;;;;;;;;;;;;;;;;;;;;;;;;;;;;;;;;;;;;;;;;;;;;;;;;;;;;;
Pakistán;PAK;Niños económicamente activos, mujeres (% de niñas entre los 7 y 14 años de edad);SL.TLF.0714.FE.ZS;;;;;;;;;;;;;;;;;;;;;;;;;;;;;;;;;;;;;;;;;;;;;;;;;16.2;;;13.5;;;;;;;;;;;;;;
Panamá;PAN;Niños económicamente activos, mujeres (% de niñas entre los 7 y 14 años de edad);SL.TLF.0714.FE.ZS;;;;;;;;;;;;;;;;;;;;;;;;;;;;;;;;;;;;;;;;;;;;2.2;;;;;5.4;;3.1;;3.5;;4.133818;;;;;;;;;;;
Perú;PER;Niños económicamente activos, mujeres (% de niñas entre los 7 y 14 años de edad);SL.TLF.0714.FE.ZS;;;;;;;;;;;;;;;;;;;;;;;;;;;;;;;;;;;;;;;;;22.3;;;;;;;39.4;;;;19.4;;;24.79848;21.9941019785013;;;;;;;;;;
Filipinas;PHL;Niños económicamente activos, mujeres (% de niñas entre los 7 y 14 años de edad);SL.TLF.0714.FE.ZS;;;;;;;;;;;;;;;;;;;;;;;;;;;;;;;;;;;;;;;;;;10.04384;;;;;;;;;;7.2;;;;;;;;;;;;;;
Palau;PLW;Niños económicamente activos, mujeres (% de niñas entre los 7 y 14 años de edad);SL.TLF.0714.FE.ZS;;;;;;;;;;;;;;;;;;;;;;;;;;;;;;;;;;;;;;;;;;;;;;;;;;;;;;;;;;;;;;;;;;
Papua Nueva Guinea;PNG;Niños económicamente activos, mujeres (% de niñas entre los 7 y 14 años de edad);SL.TLF.0714.FE.ZS;;;;;;;;;;;;;;;;;;;;;;;;;;;;;;;;;;;;;;;;;;;;;;;;;;;;;;;;;;;;;;;;;;
Polonia;POL;Niños económicamente activos, mujeres (% de niñas entre los 7 y 14 años de edad);SL.TLF.0714.FE.ZS;;;;;;;;;;;;;;;;;;;;;;;;;;;;;;;;;;;;;;;;;;;;;;;;;;;;;;;;;;;;;;;;;;
previa al dividendo demográfico;PRE;Niños económicamente activos, mujeres (% de niñas entre los 7 y 14 años de edad);SL.TLF.0714.FE.ZS;;;;;;;;;;;;;;;;;;;;;;;;;;;;;;;;;;;;;;;;;;;;;;;;;;;;;;;;;;;;;;;;;;
Puerto Rico (US);PRI;Niños económicamente activos, mujeres (% de niñas entre los 7 y 14 años de edad);SL.TLF.0714.FE.ZS;;;;;;;;;;;;;;;;;;;;;;;;;;;;;;;;;;;;;;;;;;;;;;;;;;;;;;;;;;;;;;;;;;
Corea, República Popular Democrática de;PRK;Niños económicamente activos, mujeres (% de niñas entre los 7 y 14 años de edad);SL.TLF.0714.FE.ZS;;;;;;;;;;;;;;;;;;;;;;;;;;;;;;;;;;;;;;;;;;;;;;;;;;;;;;;;;;;;;;;;;;
Portugal;PRT;Niños económicamente activos, mujeres (% de niñas entre los 7 y 14 años de edad);SL.TLF.0714.FE.ZS;;;;;;;;;;;;;;;;;;;;;;;;;;;;;;;;;;;;;;;;;;2.63149165339076;;;;;;;;;;;;;;;;;;;;;;;;
Paraguay;PRY;Niños económicamente activos, mujeres (% de niñas entre los 7 y 14 años de edad);SL.TLF.0714.FE.ZS;;;;;;;;;;;;;;;;;;;;;;;;;;;;;;;;;;;;;;;;;;;;;;7.7;;;;;;;;;4.736176;;;;;;;;;;;
Ribera Occidental y Gaza;PSE;Niños económicamente activos, mujeres (% de niñas entre los 7 y 14 años de edad);SL.TLF.0714.FE.ZS;;;;;;;;;;;;;;;;;;;;;;;;;;;;;;;;;;;;;;;;;;;;;;;;;;;;;;;;;;;;;;;;;;
Estados pequeos de las Islas del Pacfico;PSS;Niños económicamente activos, mujeres (% de niñas entre los 7 y 14 años de edad);SL.TLF.0714.FE.ZS;;;;;;;;;;;;;;;;;;;;;;;;;;;;;;;;;;;;;;;;;;;;;;;;;;;;;;;;;;;;;;;;;;
posterior al dividendo demográfico;PST;Niños económicamente activos, mujeres (% de niñas entre los 7 y 14 años de edad);SL.TLF.0714.FE.ZS;;;;;;;;;;;;;;;;;;;;;;;;;;;;;;;;;;;;;;;;;;;;;;;;;;;;;;;;;;;;;;;;;;
Polinesia Francesa;PYF;Niños económicamente activos, mujeres (% de niñas entre los 7 y 14 años de edad);SL.TLF.0714.FE.ZS;;;;;;;;;;;;;;;;;;;;;;;;;;;;;;;;;;;;;;;;;;;;;;;;;;;;;;;;;;;;;;;;;;
Qatar;QAT;Niños económicamente activos, mujeres (% de niñas entre los 7 y 14 años de edad);SL.TLF.0714.FE.ZS;;;;;;;;;;;;;;;;;;;;;;;;;;;;;;;;;;;;;;;;;;;;;;;;;;;;;;;;;;;;;;;;;;
Rumania;ROU;Niños económicamente activos, mujeres (% de niñas entre los 7 y 14 años de edad);SL.TLF.0714.FE.ZS;;;;;;;;;;;;;;;;;;;;;;;;;;;;;;;;;;;;;;;;;1.1;;;;;;;;;;;;;;;;;;;;;;;;;
Federación de Rusia;RUS;Niños económicamente activos, mujeres (% de niñas entre los 7 y 14 años de edad);SL.TLF.0714.FE.ZS;;;;;;;;;;;;;;;;;;;;;;;;;;;;;;;;;;;;;;;;;;;;;;;;;;;;;;;;;;;;;;;;;;
Rwanda;RWA;Niños económicamente activos, mujeres (% de niñas entre los 7 y 14 años de edad);SL.TLF.0714.FE.ZS;;;;;;;;;;;;;;;;;;;;;;;;;;;;;;;;;;;;;;;;;30.3;;;;;;;;7;;19.8;5.009021;;;5.7;;;;;;;;;;;
Asia meridional;SAS;Niños económicamente activos, mujeres (% de niñas entre los 7 y 14 años de edad);SL.TLF.0714.FE.ZS;;;;;;;;;;;;;;;;;;;;;;;;;;;;;;;;;;;;;;;;;;;;;;;;;;;;;;;;;;;;;;;;;;
Arabia Saudita;SAU;Niños económicamente activos, mujeres (% de niñas entre los 7 y 14 años de edad);SL.TLF.0714.FE.ZS;;;;;;;;;;;;;;;;;;;;;;;;;;;;;;;;;;;;;;;;;;;;;;;;;;;;;;;;;;;;;;;;;;
Sudán;SDN;Niños económicamente activos, mujeres (% de niñas entre los 7 y 14 años de edad);SL.TLF.0714.FE.ZS;;;;;;;;;;;;;;;;;;;;;;;;;;;;;;;;;;;;;;;;;16.78005;;;;;;;;9.5;;;;;;26.8674516848202;;;;;;;;;;;
Senegal;SEN;Niños económicamente activos, mujeres (% de niñas entre los 7 y 14 años de edad);SL.TLF.0714.FE.ZS;;;;;;;;;;;;;;;;;;;;;;;;;;;;;;;;;;;;;;;;;;;;;;12.6;;;;;;8.7;;;;13.0532759871257;;;;;;;;;;
Singapur;SGP;Niños económicamente activos, mujeres (% de niñas entre los 7 y 14 años de edad);SL.TLF.0714.FE.ZS;;;;;;;;;;;;;;;;;;;;;;;;;;;;;;;;;;;;;;;;;;;;;;;;;;;;;;;;;;;;;;;;;;
Islas Salomón;SLB;Niños económicamente activos, mujeres (% de niñas entre los 7 y 14 años de edad);SL.TLF.0714.FE.ZS;;;;;;;;;;;;;;;;;;;;;;;;;;;;;;;;;;;;;;;;;;;;;;;;;;;;;;;;;;;;;;;;;;
Sierra Leona;SLE;Niños económicamente activos, mujeres (% de niñas entre los 7 y 14 años de edad);SL.TLF.0714.FE.ZS;;;;;;;;;;;;;;;;;;;;;;;;;;;;;;;;;;;;;;;;;65.4;;;;;61.8;;14.9;52.5;;39.1;;;57.5;;;;;;;;;;;;
El Salvador;SLV;Niños económicamente activos, mujeres (% de niñas entre los 7 y 14 años de edad);SL.TLF.0714.FE.ZS;;;;;;;;;;;;;;;;;;;;;;;;;;;;;;;;;;;;;;;;;;;;8.1127204865;;;;3.8;;4.1;;4.357373;4;4.569547;;;;;;;;;;;;
San Marino;SMR;Niños económicamente activos, mujeres (% de niñas entre los 7 y 14 años de edad);SL.TLF.0714.FE.ZS;;;;;;;;;;;;;;;;;;;;;;;;;;;;;;;;;;;;;;;;;;;;;;;;;;;;;;;;;;;;;;;;;;
República Federal de Somalia;SOM;Niños económicamente activos, mujeres (% de niñas entre los 7 y 14 años de edad);SL.TLF.0714.FE.ZS;;;;;;;;;;;;;;;;;;;;;;;;;;;;;;;;;;;;;;;;;;;;;;;41.5;;;;;;;;;;;;;;;;;;;
Serbia;SRB;Niños económicamente activos, mujeres (% de niñas entre los 7 y 14 años de edad);SL.TLF.0714.FE.ZS;;;;;;;;;;;;;;;;;;;;;;;;;;;;;;;;;;;;;;;;;;;;;;6.6;;;;;;;;;12.88802;;;;;;;;;;;
África al sur del Sahara (excluido altos ingresos);SSA;Niños económicamente activos, mujeres (% de niñas entre los 7 y 14 años de edad);SL.TLF.0714.FE.ZS;;;;;;;;;;;;;;;;;;;;;;;;;;;;;;;;;;;;;;;;;;;;;;;;;;;;;;;;;;;;;;;;;;
Sudán del Sur;SSD;Niños económicamente activos, mujeres (% de niñas entre los 7 y 14 años de edad);SL.TLF.0714.FE.ZS;;;;;;;;;;;;;;;;;;;;;;;;;;;;;;;;;;;;;;;;;;;;;;;;;45.7;;;;;;;;;;;;;;;;;
África al sur del Sahara;SSF;Niños económicamente activos, mujeres (% de niñas entre los 7 y 14 años de edad);SL.TLF.0714.FE.ZS;;;;;;;;;;;;;;;;;;;;;;;;;;;;;;;;;;;;;;;;;;;;;;;;;;;;;;;;;;;;;;;;;;
Pequeños Estados;SST;Niños económicamente activos, mujeres (% de niñas entre los 7 y 14 años de edad);SL.TLF.0714.FE.ZS;;;;;;;;;;;;;;;;;;;;;;;;;;;;;;;;;;;;;;;;;;;;;;;;;;;;;;;;;;;;;;;;;;
Santo Tomé y Príncipe;STP;Niños económicamente activos, mujeres (% de niñas entre los 7 y 14 años de edad);SL.TLF.0714.FE.ZS;;;;;;;;;;;;;;;;;;;;;;;;;;;;;;;;;;;;;;;;;;;;;;;;;;;;;;;;;;;;;;;;;;
Suriname;SUR;Niños económicamente activos, mujeres (% de niñas entre los 7 y 14 años de edad);SL.TLF.0714.FE.ZS;;;;;;;;;;;;;;;;;;;;;;;;;;;;;;;;;;;;;;;;;;;;;;;;;;;;;;;;;;;;;;;;;;
República Eslovaca;SVK;Niños económicamente activos, mujeres (% de niñas entre los 7 y 14 años de edad);SL.TLF.0714.FE.ZS;;;;;;;;;;;;;;;;;;;;;;;;;;;;;;;;;;;;;;;;;;;;;;;;;;;;;;;;;;;;;;;;;;
Eslovenia;SVN;Niños económicamente activos, mujeres (% de niñas entre los 7 y 14 años de edad);SL.TLF.0714.FE.ZS;;;;;;;;;;;;;;;;;;;;;;;;;;;;;;;;;;;;;;;;;;;;;;;;;;;;;;;;;;;;;;;;;;
Suecia;SWE;Niños económicamente activos, mujeres (% de niñas entre los 7 y 14 años de edad);SL.TLF.0714.FE.ZS;;;;;;;;;;;;;;;;;;;;;;;;;;;;;;;;;;;;;;;;;;;;;;;;;;;;;;;;;;;;;;;;;;
Eswatini;SWZ;Niños económicamente activos, mujeres (% de niñas entre los 7 y 14 años de edad);SL.TLF.0714.FE.ZS;;;;;;;;;;;;;;;;;;;;;;;;;;;;;;;;;;;;;;;;;10.9;;;;;;;;;;12.1;;;;;;;;;;;;;;;
Sint Maarten (Dutch part);SXM;Niños económicamente activos, mujeres (% de niñas entre los 7 y 14 años de edad);SL.TLF.0714.FE.ZS;;;;;;;;;;;;;;;;;;;;;;;;;;;;;;;;;;;;;;;;;;;;;;;;;;;;;;;;;;;;;;;;;;
Seychelles;SYC;Niños económicamente activos, mujeres (% de niñas entre los 7 y 14 años de edad);SL.TLF.0714.FE.ZS;;;;;;;;;;;;;;;;;;;;;;;;;;;;;;;;;;;;;;;;;;;;;;;;;;;;;;;;;;;;;;;;;;
República Árabe Siria;SYR;Niños económicamente activos, mujeres (% de niñas entre los 7 y 14 años de edad);SL.TLF.0714.FE.ZS;;;;;;;;;;;;;;;;;;;;;;;;;;;;;;;;;;;;;;;;;;;;;;;4.3;;;;;;;;;;;;;;;;;;;
Islas Turcas y Caicos;TCA;Niños económicamente activos, mujeres (% de niñas entre los 7 y 14 años de edad);SL.TLF.0714.FE.ZS;;;;;;;;;;;;;;;;;;;;;;;;;;;;;;;;;;;;;;;;;;;;;;;;;;;;;;;;;;;;;;;;;;
Chad;TCD;Niños económicamente activos, mujeres (% de niñas entre los 7 y 14 años de edad);SL.TLF.0714.FE.ZS;;;;;;;;;;;;;;;;;;;;;;;;;;;;;;;;;;;;;;;;;;;;;56.2;;;;;;34.2;;;;;55.0893846020297;;;;;;;;;;
Asia oriental y el Pacífico (BIRF y la AIF);TEA;Niños económicamente activos, mujeres (% de niñas entre los 7 y 14 años de edad);SL.TLF.0714.FE.ZS;;;;;;;;;;;;;;;;;;;;;;;;;;;;;;;;;;;;;;;;;;;;;;;;;;;;;;;;;;;;;;;;;;
Europa y Asia central (BIRF y la AIF);TEC;Niños económicamente activos, mujeres (% de niñas entre los 7 y 14 años de edad);SL.TLF.0714.FE.ZS;;;;;;;;;;;;;;;;;;;;;;;;;;;;;;;;;;;;;;;;;;;;;;;;;;;;;;;;;;;;;;;;;;
Togo;TGO;Niños económicamente activos, mujeres (% de niñas entre los 7 y 14 años de edad);SL.TLF.0714.FE.ZS;;;;;;;;;;;;;;;;;;;;;;;;;;;;;;;;;;;;;;;;;;;;;;;37.4305;;;;47;;;;33.0719731364292;;;;;;;;;;;
Tailandia;THA;Niños económicamente activos, mujeres (% de niñas entre los 7 y 14 años de edad);SL.TLF.0714.FE.ZS;;;;;;;;;;;;;;;;;;;;;;;;;;;;;;;;;;;;;;;;;;;;;;14.4;14.4;;;;;;;;;;;;;;;;;;;
Tayikistán;TJK;Niños económicamente activos, mujeres (% de niñas entre los 7 y 14 años de edad);SL.TLF.0714.FE.ZS;;;;;;;;;;;;;;;;;;;;;;;;;;;;;;;;;;;;;;;;6.8;;;;;;9.1;;;;;;;;;;;;;;;;;;;;
Turkmenistán;TKM;Niños económicamente activos, mujeres (% de niñas entre los 7 y 14 años de edad);SL.TLF.0714.FE.ZS;;;;;;;;;;;;;;;;;;;;;;;;;;;;;;;;;;;;;;;;;;;;;;;;;;;;;;;;;;;;;;;;;;
América Latina y el Caribe (BIRF y la AIF);TLA;Niños económicamente activos, mujeres (% de niñas entre los 7 y 14 años de edad);SL.TLF.0714.FE.ZS;;;;;;;;;;;;;;;;;;;;;;;;;;;;;;;;;;;;;;;;;;;;;;;;;;;;;;;;;;;;;;;;;;
Timor-Leste;TLS;Niños económicamente activos, mujeres (% de niñas entre los 7 y 14 años de edad);SL.TLF.0714.FE.ZS;;;;;;;;;;;;;;;;;;;;;;;;;;;;;;;;;;;;;;;;;;8.1;;;;;;17.7;;;;;;;;;;;;;;;;;;
Oriente Medio y Norte de África (BIRF y la AIF);TMN;Niños económicamente activos, mujeres (% de niñas entre los 7 y 14 años de edad);SL.TLF.0714.FE.ZS;;;;;;;;;;;;;;;;;;;;;;;;;;;;;;;;;;;;;;;;;;;;;;;;;;;;;;;;;;;;;;;;;;
Tonga;TON;Niños económicamente activos, mujeres (% de niñas entre los 7 y 14 años de edad);SL.TLF.0714.FE.ZS;;;;;;;;;;;;;;;;;;;;;;;;;;;;;;;;;;;;;;;;;;;;;;;;;;;;;;;;;;;;;;;;;;
Asia meridional (BIRF y la AIF);TSA;Niños económicamente activos, mujeres (% de niñas entre los 7 y 14 años de edad);SL.TLF.0714.FE.ZS;;;;;;;;;;;;;;;;;;;;;;;;;;;;;;;;;;;;;;;;;;;;;;;;;;;;;;;;;;;;;;;;;;
África al sur del Sahara (BIRF y la AIF);TSS;Niños económicamente activos, mujeres (% de niñas entre los 7 y 14 años de edad);SL.TLF.0714.FE.ZS;;;;;;;;;;;;;;;;;;;;;;;;;;;;;;;;;;;;;;;;;;;;;;;;;;;;;;;;;;;;;;;;;;
Trinidad y Tobago;TTO;Niños económicamente activos, mujeres (% de niñas entre los 7 y 14 años de edad);SL.TLF.0714.FE.ZS;;;;;;;;;;;;;;;;;;;;;;;;;;;;;;;;;;;;;;;;;2.8;;;;;;2.7;;;;;;;;;;;;;;;;;;;
Túnez;TUN;Niños económicamente activos, mujeres (% de niñas entre los 7 y 14 años de edad);SL.TLF.0714.FE.ZS;;;;;;;;;;;;;;;;;;;;;;;;;;;;;;;;;;;;;;;;;;;;;;;;;;;;;2.7;;;;;;;;;;;;;
Turquía;TUR;Niños económicamente activos, mujeres (% de niñas entre los 7 y 14 años de edad);SL.TLF.0714.FE.ZS;;;;;;;;;;;;;;;;;;;;;;;;;;;;;;;;;;;;;;;;3.8463579373;;;;;;;1.8;;;;;;;;;;;;;;;;;;;
Tuvalu;TUV;Niños económicamente activos, mujeres (% de niñas entre los 7 y 14 años de edad);SL.TLF.0714.FE.ZS;;;;;;;;;;;;;;;;;;;;;;;;;;;;;;;;;;;;;;;;;;;;;;;;;;;;;;;;;;;;;;;;;;
Tanzanía;TZA;Niños económicamente activos, mujeres (% de niñas entre los 7 y 14 años de edad);SL.TLF.0714.FE.ZS;;;;;;;;;;;;;;;;;;;;;;;;;;;;;;;;;;;;;;;;;;39.2195644612;;;;;27.1;;;;;28.1;;;34.17038;;;;;;;;;;;
Uganda;UGA;Niños económicamente activos, mujeres (% de niñas entre los 7 y 14 años de edad);SL.TLF.0714.FE.ZS;;;;;;;;;;;;;;;;;;;;;;;;;;;;;;;;;;;;;;;;;;;;;;;36.49879;;;;;;36.3;;;;;;;;;;;;;
Ucrania;UKR;Niños económicamente activos, mujeres (% de niñas entre los 7 y 14 años de edad);SL.TLF.0714.FE.ZS;;;;;;;;;;;;;;;;;;;;;;;;;;;;;;;;;;;;;;;;;;;;;;16.6;;;;;;;5;;;;;;;;;;;;;
Ingreso mediano alto;UMC;Niños económicamente activos, mujeres (% de niñas entre los 7 y 14 años de edad);SL.TLF.0714.FE.ZS;;;;;;;;;;;;;;;;;;;;;;;;;;;;;;;;;;;;;;;;;;;;;;;;;;;;;;;;;;;;;;;;;;
Uruguay;URY;Niños económicamente activos, mujeres (% de niñas entre los 7 y 14 años de edad);SL.TLF.0714.FE.ZS;;;;;;;;;;;;;;;;;;;;;;;;;;;;;;;;;;;;;;;;;;;;;;;;;;5;;;;;;;;;;;;;;;;
Estados Unidos;USA;Niños económicamente activos, mujeres (% de niñas entre los 7 y 14 años de edad);SL.TLF.0714.FE.ZS;;;;;;;;;;;;;;;;;;;;;;;;;;;;;;;;;;;;;;;;;;;;;;;;;;;;;;;;;;;;;;;;;;
Uzbekistán;UZB;Niños económicamente activos, mujeres (% de niñas entre los 7 y 14 años de edad);SL.TLF.0714.FE.ZS;;;;;;;;;;;;;;;;;;;;;;;;;;;;;;;;;;;;;;;;;13.98417;;;;;4.9;4.9;;;;;;;;;;;;;;;;;;;
San Vicente y las Granadinas;VCT;Niños económicamente activos, mujeres (% de niñas entre los 7 y 14 años de edad);SL.TLF.0714.FE.ZS;;;;;;;;;;;;;;;;;;;;;;;;;;;;;;;;;;;;;;;;;;;;;;;;;;;;;;;;;;;;;;;;;;
Venezuela;VEN;Niños económicamente activos, mujeres (% de niñas entre los 7 y 14 años de edad);SL.TLF.0714.FE.ZS;;;;;;;;;;;;;;;;;;;;;;;;;;;;;;;;;;;;;;;;;;;;6.6;;3.6;3.3;;;;;;;2.389926;;;;;;;;;;;;
Islas Vírgenes Británicas;VGB;Niños económicamente activos, mujeres (% de niñas entre los 7 y 14 años de edad);SL.TLF.0714.FE.ZS;;;;;;;;;;;;;;;;;;;;;;;;;;;;;;;;;;;;;;;;;;;;;;;;;;;;;;;;;;;;;;;;;;
Islas Vírgenes (EE.UU.);VIR;Niños económicamente activos, mujeres (% de niñas entre los 7 y 14 años de edad);SL.TLF.0714.FE.ZS;;;;;;;;;;;;;;;;;;;;;;;;;;;;;;;;;;;;;;;;;;;;;;;;;;;;;;;;;;;;;;;;;;
Viet Nam;VNM;Niños económicamente activos, mujeres (% de niñas entre los 7 y 14 años de edad);SL.TLF.0714.FE.ZS;;;;;;;;;;;;;;;;;;;;;;;;;;;;;;;;;;;;;;;;;;;;;;;21.6;;;;;13.5;10.1;;;;;;;;;;;;;
Vanuatu;VUT;Niños económicamente activos, mujeres (% de niñas entre los 7 y 14 años de edad);SL.TLF.0714.FE.ZS;;;;;;;;;;;;;;;;;;;;;;;;;;;;;;;;;;;;;;;;;;;;;;;;;;;;;;;;;;;;;;;;;;
Mundo;WLD;Niños económicamente activos, mujeres (% de niñas entre los 7 y 14 años de edad);SL.TLF.0714.FE.ZS;;;;;;;;;;;;;;;;;;;;;;;;;;;;;;;;;;;;;;;;;;;;;;;;;;;;;;;;;;;;;;;;;;
Samoa;WSM;Niños económicamente activos, mujeres (% de niñas entre los 7 y 14 años de edad);SL.TLF.0714.FE.ZS;;;;;;;;;;;;;;;;;;;;;;;;;;;;;;;;;;;;;;;;;;;;;;;;;;;;;;;;;;;;;;;;;;
Kosovo;XKX;Niños económicamente activos, mujeres (% de niñas entre los 7 y 14 años de edad);SL.TLF.0714.FE.ZS;;;;;;;;;;;;;;;;;;;;;;;;;;;;;;;;;;;;;;;;;;;;;;;;;;;;;;;;;;;;;;;;;;
Yemen, Rep. del;YEM;Niños económicamente activos, mujeres (% de niñas entre los 7 y 14 años de edad);SL.TLF.0714.FE.ZS;;;;;;;;;;;;;;;;;;;;;;;;;;;;;;;;;;;;;;;;13.97018;;;;;;;15.9;;;;15;;;;;;;;;;;;;;;
Sudáfrica;ZAF;Niños económicamente activos, mujeres (% de niñas entre los 7 y 14 años de edad);SL.TLF.0714.FE.ZS;;;;;;;;;;;;;;;;;;;;;;;;;;;;;;;;;;;;;;;;26.4;;;;;;;;;;;;;;;;;;;;;;;;;;
Zambia;ZMB;Niños económicamente activos, mujeres (% de niñas entre los 7 y 14 años de edad);SL.TLF.0714.FE.ZS;;;;;;;;;;;;;;;;;;;;;;;;;;;;;;;;;;;;;;;;;;;;;;46.76866;;;33.3;;;;;;;;;;;;;;;;;
Zimbabwe;ZWE;Niños económicamente activos, mujeres (% de niñas entre los 7 y 14 años de edad);SL.TLF.0714.FE.ZS;;;;;;;;;;;;;;;;;;;;;;;;;;;;;;;;;;;;;;;;13.3;;;;;;;;;;;;;;;;;;;;;;;;;;