indicatorId;geoUnit;year;value;qualifier;magnitude
SCHBSP.2T3.WINTERN;ABW;2024;100;;
SCHBSP.2T3.WINTERN;AGO;2016;16.74671789945565;;
SCHBSP.2T3.WINTERN;AIA;2010;100;;
SCHBSP.2T3.WINTERN;AIA;2019;100;;
SCHBSP.2T3.WINTERN;AIA;2020;100;;
SCHBSP.2T3.WINTERN;AIA;2021;100;;
SCHBSP.2T3.WINTERN;AIA;2022;100;;
SCHBSP.2T3.WINTERN;AIA;2023;100;;
SCHBSP.2T3.WINTERN;AIA;2024;100;;
SCHBSP.2T3.WINTERN;AIA;2025;100;;
SCHBSP.2T3.WINTERN;ALB;2012;76.80371856689453;UIS_EST;
SCHBSP.2T3.WINTERN;ALB;2018;74.40217391304348;;
SCHBSP.2T3.WINTERN;ALB;2019;85.90033975084937;;
SCHBSP.2T3.WINTERN;ALB;2020;100;;
SCHBSP.2T3.WINTERN;ALB;2021;70.77844311377245;;
SCHBSP.2T3.WINTERN;ALB;2022;62.05443954467773;UIS_EST;
SCHBSP.2T3.WINTERN;AND;2016;100;;
SCHBSP.2T3.WINTERN;AND;2017;100;;
SCHBSP.2T3.WINTERN;AND;2018;100;;
SCHBSP.2T3.WINTERN;AND;2019;100;;
SCHBSP.2T3.WINTERN;AND;2020;100;;
SCHBSP.2T3.WINTERN;AND;2021;100;;
SCHBSP.2T3.WINTERN;AND;2022;100;;
SCHBSP.2T3.WINTERN;AND;2023;100;;
SCHBSP.2T3.WINTERN;AND;2024;100;;
SCHBSP.2T3.WINTERN;ARE;2012;96.80642700195312;UIS_EST;
SCHBSP.2T3.WINTERN;ARE;2015;95.27667236328125;UIS_EST;
SCHBSP.2T3.WINTERN;ARE;2018;100;;
SCHBSP.2T3.WINTERN;ARE;2019;100;;
SCHBSP.2T3.WINTERN;ARE;2020;100;;
SCHBSP.2T3.WINTERN;ARE;2021;100;;
SCHBSP.2T3.WINTERN;ARE;2022;100;;
SCHBSP.2T3.WINTERN;ARE;2023;100;;
SCHBSP.2T3.WINTERN;ARE;2024;100;;
SCHBSP.2T3.WINTERN;ARG;2009;36.46059036254883;;
SCHBSP.2T3.WINTERN;ARG;2012;61.27030181884766;UIS_EST;
SCHBSP.2T3.WINTERN;ARG;2015;56.00937610377934;;
SCHBSP.2T3.WINTERN;ARG;2016;55.51768752563981;;
SCHBSP.2T3.WINTERN;ARG;2017;54.86592912057004;;
SCHBSP.2T3.WINTERN;ARG;2018;55.204305731696;;
SCHBSP.2T3.WINTERN;ARG;2019;62.77752258459653;;
SCHBSP.2T3.WINTERN;ARG;2020;69.65155605200285;;
SCHBSP.2T3.WINTERN;ARG;2021;68.65593709687327;;
SCHBSP.2T3.WINTERN;ARG;2022;69.32658286108794;;
SCHBSP.2T3.WINTERN;ARG;2023;71.81093394077449;;
SCHBSP.2T3.WINTERN;ARM;2018;100;;
SCHBSP.2T3.WINTERN;ARM;2019;100;;
SCHBSP.2T3.WINTERN;ARM;2020;100;;
SCHBSP.2T3.WINTERN;ARM;2021;100;;
SCHBSP.2T3.WINTERN;ARM;2022;100;;
SCHBSP.2T3.WINTERN;ARM;2023;100;;
SCHBSP.2T3.WINTERN;ARM;2024;100;;
SCHBSP.2T3.WINTERN;ATG;2017;90.90908813476562;;
SCHBSP.2T3.WINTERN;ATG;2018;100;;
SCHBSP.2T3.WINTERN;AUS;2000;100;;
SCHBSP.2T3.WINTERN;AUS;2001;100;;
SCHBSP.2T3.WINTERN;AUS;2002;100;;
SCHBSP.2T3.WINTERN;AUS;2003;100;;
SCHBSP.2T3.WINTERN;AUS;2004;100;;
SCHBSP.2T3.WINTERN;AUS;2005;100;;
SCHBSP.2T3.WINTERN;AUS;2006;100;;
SCHBSP.2T3.WINTERN;AUS;2007;100;;
SCHBSP.2T3.WINTERN;AUS;2008;100;;
SCHBSP.2T3.WINTERN;AUS;2009;100;;
SCHBSP.2T3.WINTERN;AUS;2010;100;;
SCHBSP.2T3.WINTERN;AUS;2011;100;;
SCHBSP.2T3.WINTERN;AUS;2012;100;;
SCHBSP.2T3.WINTERN;AUS;2013;100;;
SCHBSP.2T3.WINTERN;AUS;2014;100;;
SCHBSP.2T3.WINTERN;AUS;2015;100;;
SCHBSP.2T3.WINTERN;AUS;2016;100;;
SCHBSP.2T3.WINTERN;AUS;2017;100;;
SCHBSP.2T3.WINTERN;AUS;2018;100;;
SCHBSP.2T3.WINTERN;AUS;2019;100;;
SCHBSP.2T3.WINTERN;AUS;2020;100;;
SCHBSP.2T3.WINTERN;AUS;2021;100;;
SCHBSP.2T3.WINTERN;AUS;2022;99.17694854736328;UIS_EST;
SCHBSP.2T3.WINTERN;AUT;2012;100;;
SCHBSP.2T3.WINTERN;AUT;2013;100;;
SCHBSP.2T3.WINTERN;AUT;2014;100;;
SCHBSP.2T3.WINTERN;AUT;2015;100;;
SCHBSP.2T3.WINTERN;AUT;2016;100;;
SCHBSP.2T3.WINTERN;AUT;2017;100;;
SCHBSP.2T3.WINTERN;AUT;2018;100;;
SCHBSP.2T3.WINTERN;AUT;2019;100;;
SCHBSP.2T3.WINTERN;AUT;2020;100;;
SCHBSP.2T3.WINTERN;AUT;2021;100;;
SCHBSP.2T3.WINTERN;AUT;2022;100;;
SCHBSP.2T3.WINTERN;AZE;2016;56.60707092285156;;
SCHBSP.2T3.WINTERN;AZE;2017;60.59954071044922;;
SCHBSP.2T3.WINTERN;AZE;2018;61.67921829223633;;
SCHBSP.2T3.WINTERN;AZE;2019;62.64282989501953;;
SCHBSP.2T3.WINTERN;AZE;2020;68.28253173828125;;
SCHBSP.2T3.WINTERN;AZE;2021;72.16937255859375;;
SCHBSP.2T3.WINTERN;AZE;2022;75.71581268310547;;
SCHBSP.2T3.WINTERN;AZE;2023;83.79827880859375;;
SCHBSP.2T3.WINTERN;AZE;2024;81.74334140435835;;
SCHBSP.2T3.WINTERN;BDI;2016;0.691085003455425;;
SCHBSP.2T3.WINTERN;BDI;2017;0.6968641114982579;;
SCHBSP.2T3.WINTERN;BDI;2018;0.3014772384684956;;
SCHBSP.2T3.WINTERN;BDI;2019;0.4329004329004329;;
SCHBSP.2T3.WINTERN;BEL;2012;100;;
SCHBSP.2T3.WINTERN;BEL;2013;100;;
SCHBSP.2T3.WINTERN;BEL;2014;100;;
SCHBSP.2T3.WINTERN;BEL;2015;100;;
SCHBSP.2T3.WINTERN;BEL;2016;100;;
SCHBSP.2T3.WINTERN;BEL;2017;100;;
SCHBSP.2T3.WINTERN;BEL;2018;100;;
SCHBSP.2T3.WINTERN;BEL;2019;100;;
SCHBSP.2T3.WINTERN;BEL;2020;100;;
SCHBSP.2T3.WINTERN;BEL;2021;100;;
SCHBSP.2T3.WINTERN;BEL;2022;100;;
SCHBSP.2T3.WINTERN;BEN;2022;4.012609958648682;;
SCHBSP.2T3.WINTERN;BFA;2016;2.577565632458234;;
SCHBSP.2T3.WINTERN;BFA;2018;1.617735170760935;;
SCHBSP.2T3.WINTERN;BFA;2019;1.403828623518687;;
SCHBSP.2T3.WINTERN;BFA;2020;1.388174807197943;;
SCHBSP.2T3.WINTERN;BFA;2021;1.289490651192779;;
SCHBSP.2T3.WINTERN;BFA;2023;1.795270153633696;;
SCHBSP.2T3.WINTERN;BFA;2024;2.461209202782237;;
SCHBSP.2T3.WINTERN;BGD;2017;33.80639730639731;;
SCHBSP.2T3.WINTERN;BGD;2018;35.26625258799172;;
SCHBSP.2T3.WINTERN;BGD;2019;37.63898070797524;;
SCHBSP.2T3.WINTERN;BGD;2020;40.00283607487238;;
SCHBSP.2T3.WINTERN;BGD;2021;52.07069141161359;;
SCHBSP.2T3.WINTERN;BGD;2022;53.22777638801006;;
SCHBSP.2T3.WINTERN;BGD;2023;57.82803436375652;;
SCHBSP.2T3.WINTERN;BGD;2024;60.21849225871798;;
SCHBSP.2T3.WINTERN;BGR;2012;98.38374328613281;UIS_EST;
SCHBSP.2T3.WINTERN;BGR;2015;90.59461975097656;UIS_EST;
SCHBSP.2T3.WINTERN;BGR;2018;99.57257843017578;UIS_EST;
SCHBSP.2T3.WINTERN;BGR;2022;99.28656005859375;UIS_EST;
SCHBSP.2T3.WINTERN;BHR;2016;100;;
SCHBSP.2T3.WINTERN;BHR;2017;100;;
SCHBSP.2T3.WINTERN;BHR;2018;100;;
SCHBSP.2T3.WINTERN;BHR;2019;100;;
SCHBSP.2T3.WINTERN;BHR;2020;100;;
SCHBSP.2T3.WINTERN;BHR;2022;100;;
SCHBSP.2T3.WINTERN;BHR;2023;100;;
SCHBSP.2T3.WINTERN;BHR;2024;100;;
SCHBSP.2T3.WINTERN;BIH;2018;93.57720184326172;UIS_EST;
SCHBSP.2T3.WINTERN;BLR;2016;85.99042709867453;;
SCHBSP.2T3.WINTERN;BLR;2017;89.30380934509289;;
SCHBSP.2T3.WINTERN;BLR;2018;91.33462282398452;;
SCHBSP.2T3.WINTERN;BLR;2019;99.42824471126357;;
SCHBSP.2T3.WINTERN;BLR;2020;99.57364341085271;;
SCHBSP.2T3.WINTERN;BLR;2021;99.82618771726536;;
SCHBSP.2T3.WINTERN;BLR;2022;99.941611521993;;
SCHBSP.2T3.WINTERN;BLR;2023;99.96044303797468;;
SCHBSP.2T3.WINTERN;BLR;2024;99.96025437201908;;
SCHBSP.2T3.WINTERN;BMU;2016;100;;
SCHBSP.2T3.WINTERN;BOL;2013;18.8734302520752;;
SCHBSP.2T3.WINTERN;BRA;2010;68.97840881347656;;
SCHBSP.2T3.WINTERN;BRA;2012;85.60176849365234;UIS_EST;
SCHBSP.2T3.WINTERN;BRA;2015;82.71246337890625;UIS_EST;
SCHBSP.2T3.WINTERN;BRA;2017;83.21092224121094;;
SCHBSP.2T3.WINTERN;BRA;2018;72.56298828125;UIS_EST;
SCHBSP.2T3.WINTERN;BRA;2022;65.93108367919922;UIS_EST;
SCHBSP.2T3.WINTERN;BRN;2018;100;UIS_EST;
SCHBSP.2T3.WINTERN;BRN;2022;98.11321258544922;UIS_EST;
SCHBSP.2T3.WINTERN;BTN;2020;98.60465240478516;;
SCHBSP.2T3.WINTERN;BTN;2022;99.53488372093024;;
SCHBSP.2T3.WINTERN;BTN;2023;100;;
SCHBSP.2T3.WINTERN;BTN;2024;99.46808510638297;;
SCHBSP.2T3.WINTERN;BWA;2012;86.2815933227539;;
SCHBSP.2T3.WINTERN;BWA;2022;98.64407348632812;;
SCHBSP.2T3.WINTERN;CAN;2012;99.04145050048828;UIS_EST;
SCHBSP.2T3.WINTERN;CAN;2015;98.07066345214844;UIS_EST;
SCHBSP.2T3.WINTERN;CAN;2018;98.97206115722656;UIS_EST;
SCHBSP.2T3.WINTERN;CAN;2022;98.68681335449219;UIS_EST;
SCHBSP.2T3.WINTERN;CHE;2011;100;;
SCHBSP.2T3.WINTERN;CHE;2012;100;;
SCHBSP.2T3.WINTERN;CHE;2013;100;;
SCHBSP.2T3.WINTERN;CHE;2014;100;;
SCHBSP.2T3.WINTERN;CHE;2015;100;;
SCHBSP.2T3.WINTERN;CHE;2016;100;;
SCHBSP.2T3.WINTERN;CHE;2017;100;;
SCHBSP.2T3.WINTERN;CHE;2018;100;;
SCHBSP.2T3.WINTERN;CHE;2019;100;;
SCHBSP.2T3.WINTERN;CHE;2022;93.74653625488281;UIS_EST;
SCHBSP.2T3.WINTERN;CHL;2012;91.02781677246094;UIS_EST;
SCHBSP.2T3.WINTERN;CHL;2015;93.97994232177734;UIS_EST;
SCHBSP.2T3.WINTERN;CHL;2018;96.91095733642578;UIS_EST;
SCHBSP.2T3.WINTERN;CHL;2022;87.83505249023438;UIS_EST;
SCHBSP.2T3.WINTERN;CHN;2016;96.9274043767328;;
SCHBSP.2T3.WINTERN;CHN;2017;97.95664580988036;;
SCHBSP.2T3.WINTERN;CHN;2018;98.10956384655807;;
SCHBSP.2T3.WINTERN;CHN;2019;98.3936377521462;;
SCHBSP.2T3.WINTERN;CHN;2020;98.44226166341865;;
SCHBSP.2T3.WINTERN;CHN;2021;98.56374129146303;;
SCHBSP.2T3.WINTERN;CHN;2022;98.88532145723829;;
SCHBSP.2T3.WINTERN;CHN;2023;98.91920577804241;;
SCHBSP.2T3.WINTERN;CHN;2024;98.90660179601977;;
SCHBSP.2T3.WINTERN;CIV;2024;35.24605048120574;;
SCHBSP.2T3.WINTERN;CMR;2016;23.1015700096123;;
SCHBSP.2T3.WINTERN;CMR;2022;22.56141187693775;;
SCHBSP.2T3.WINTERN;CMR;2023;24.09209589366247;;
SCHBSP.2T3.WINTERN;COD;2015;0;;NIL
SCHBSP.2T3.WINTERN;COK;2016;100;;
SCHBSP.2T3.WINTERN;COK;2017;100;;
SCHBSP.2T3.WINTERN;COK;2018;100;;
SCHBSP.2T3.WINTERN;COK;2019;100;;
SCHBSP.2T3.WINTERN;COK;2020;100;;
SCHBSP.2T3.WINTERN;COK;2021;100;;
SCHBSP.2T3.WINTERN;COK;2022;100;;
SCHBSP.2T3.WINTERN;COK;2023;100;;
SCHBSP.2T3.WINTERN;COK;2024;100;;
SCHBSP.2T3.WINTERN;COL;2012;78.14069366455078;UIS_EST;
SCHBSP.2T3.WINTERN;COL;2015;85.26393127441406;UIS_EST;
SCHBSP.2T3.WINTERN;COL;2016;78.92639923095703;;
SCHBSP.2T3.WINTERN;COL;2017;69.8632583618164;;
SCHBSP.2T3.WINTERN;COL;2018;68.90789031982422;UIS_EST;
SCHBSP.2T3.WINTERN;COL;2019;76.88836669921875;;
SCHBSP.2T3.WINTERN;COL;2020;72.7802734375;;
SCHBSP.2T3.WINTERN;COL;2021;74.02427673339844;;
SCHBSP.2T3.WINTERN;COL;2022;81.31883239746094;;
SCHBSP.2T3.WINTERN;COM;2017;11.08786610878661;;
SCHBSP.2T3.WINTERN;COM;2021;24.8;;
SCHBSP.2T3.WINTERN;COM;2024;24.48330683624801;;
SCHBSP.2T3.WINTERN;CPV;2016;100;;
SCHBSP.2T3.WINTERN;CPV;2017;100;;
SCHBSP.2T3.WINTERN;CPV;2019;100;;
SCHBSP.2T3.WINTERN;CPV;2020;100;;
SCHBSP.2T3.WINTERN;CPV;2021;100;;
SCHBSP.2T3.WINTERN;CPV;2022;100;;
SCHBSP.2T3.WINTERN;CRI;2012;64.89610290527344;UIS_EST;
SCHBSP.2T3.WINTERN;CRI;2015;87.816162109375;UIS_EST;
SCHBSP.2T3.WINTERN;CRI;2016;50.80091857910156;;
SCHBSP.2T3.WINTERN;CRI;2017;63.82593154907227;;
SCHBSP.2T3.WINTERN;CRI;2018;60.73204040527344;;
SCHBSP.2T3.WINTERN;CRI;2019;69.99553680419922;;
SCHBSP.2T3.WINTERN;CRI;2020;83.16304016113281;;
SCHBSP.2T3.WINTERN;CRI;2022;80.13121795654297;UIS_EST;
SCHBSP.2T3.WINTERN;CUB;2018;48.7252082824707;;
SCHBSP.2T3.WINTERN;CUB;2019;56.60823822021484;;
SCHBSP.2T3.WINTERN;CUB;2020;61.59962844848633;;
SCHBSP.2T3.WINTERN;CUB;2021;67.364990234375;;
SCHBSP.2T3.WINTERN;CUB;2022;65.17691040039062;;
SCHBSP.2T3.WINTERN;CUB;2023;73.03579711914062;;
SCHBSP.2T3.WINTERN;CUB;2024;69.58738708496094;;
SCHBSP.2T3.WINTERN;CYM;2018;100;;
SCHBSP.2T3.WINTERN;CYM;2019;100;;
SCHBSP.2T3.WINTERN;CYM;2020;100;;
SCHBSP.2T3.WINTERN;CYM;2021;100;;
SCHBSP.2T3.WINTERN;CYM;2022;100;;
SCHBSP.2T3.WINTERN;CYM;2023;100;;
SCHBSP.2T3.WINTERN;CYM;2024;100;;
SCHBSP.2T3.WINTERN;CZE;2012;99.63655090332031;UIS_EST;
SCHBSP.2T3.WINTERN;CZE;2015;99.67845916748047;;
SCHBSP.2T3.WINTERN;CZE;2016;99.72509002685547;;
SCHBSP.2T3.WINTERN;CZE;2017;99.67984771728516;;
SCHBSP.2T3.WINTERN;CZE;2018;99.63420104980469;;
SCHBSP.2T3.WINTERN;CZE;2019;99.5907211303711;;
SCHBSP.2T3.WINTERN;CZE;2020;99.88680267333984;;
SCHBSP.2T3.WINTERN;CZE;2021;99.66314697265625;;
SCHBSP.2T3.WINTERN;CZE;2022;99.62188720703125;;
SCHBSP.2T3.WINTERN;DEU;2012;99.3824234008789;UIS_EST;
SCHBSP.2T3.WINTERN;DEU;2015;97.12882995605469;UIS_EST;
SCHBSP.2T3.WINTERN;DEU;2018;97.96151733398438;UIS_EST;
SCHBSP.2T3.WINTERN;DEU;2022;93.88630676269531;UIS_EST;
SCHBSP.2T3.WINTERN;DJI;2023;83.57142639160156;;
SCHBSP.2T3.WINTERN;DMA;2016;93.33332824707031;;
SCHBSP.2T3.WINTERN;DMA;2019;100;;
SCHBSP.2T3.WINTERN;DMA;2020;100;;
SCHBSP.2T3.WINTERN;DMA;2021;100;;
SCHBSP.2T3.WINTERN;DMA;2022;100;;
SCHBSP.2T3.WINTERN;DMA;2023;100;;
SCHBSP.2T3.WINTERN;DNK;2012;87.85810852050781;UIS_EST;
SCHBSP.2T3.WINTERN;DNK;2015;100;;
SCHBSP.2T3.WINTERN;DNK;2016;100;;
SCHBSP.2T3.WINTERN;DNK;2017;100;;
SCHBSP.2T3.WINTERN;DNK;2018;100;;
SCHBSP.2T3.WINTERN;DNK;2019;100;;
SCHBSP.2T3.WINTERN;DNK;2020;100;;
SCHBSP.2T3.WINTERN;DNK;2022;84.70694732666016;UIS_EST;
SCHBSP.2T3.WINTERN;DOM;2015;49.17029190063477;UIS_EST;
SCHBSP.2T3.WINTERN;DOM;2018;71.82502746582031;UIS_EST;
SCHBSP.2T3.WINTERN;DOM;2022;66.15969848632812;;
SCHBSP.2T3.WINTERN;DOM;2023;68.65135955810547;;
SCHBSP.2T3.WINTERN;DOM;2024;81.35778045654297;;
SCHBSP.2T3.WINTERN;DZA;2015;54.56943893432617;UIS_EST;
SCHBSP.2T3.WINTERN;DZA;2020;64.28959669529297;;
SCHBSP.2T3.WINTERN;DZA;2023;89.81957558193886;;
SCHBSP.2T3.WINTERN;DZA;2024;60.87228714524207;;
SCHBSP.2T3.WINTERN;DZA;2025;61.19487586441446;;
SCHBSP.2T3.WINTERN;ECU;2009;45.46802139282227;;
SCHBSP.2T3.WINTERN;ECU;2016;69.30693054199219;;
SCHBSP.2T3.WINTERN;ECU;2017;69.57623291015625;;
SCHBSP.2T3.WINTERN;ECU;2018;71.04019927978516;;
SCHBSP.2T3.WINTERN;ECU;2019;71.58077239990234;;
SCHBSP.2T3.WINTERN;ECU;2020;72.97427368164062;;
SCHBSP.2T3.WINTERN;ECU;2021;72.71695709228516;;
SCHBSP.2T3.WINTERN;ECU;2022;87.63556671142578;;
SCHBSP.2T3.WINTERN;ECU;2023;74.00872802734375;;
SCHBSP.2T3.WINTERN;ECU;2024;84.7842025756836;;
SCHBSP.2T3.WINTERN;EGY;2016;49.06348927189588;;
SCHBSP.2T3.WINTERN;EGY;2023;45.48861343326607;;
SCHBSP.2T3.WINTERN;EGY;2024;44.41230790674984;;
SCHBSP.2T3.WINTERN;ESP;2007;99.30000305175781;NAT_EST;
SCHBSP.2T3.WINTERN;ESP;2008;99.80000305175781;NAT_EST;
SCHBSP.2T3.WINTERN;ESP;2009;99.69999694824219;NAT_EST;
SCHBSP.2T3.WINTERN;ESP;2010;99.9000015258789;NAT_EST;
SCHBSP.2T3.WINTERN;ESP;2011;99.5;NAT_EST;
SCHBSP.2T3.WINTERN;ESP;2012;100;;
SCHBSP.2T3.WINTERN;ESP;2013;100;;
SCHBSP.2T3.WINTERN;ESP;2014;100;;
SCHBSP.2T3.WINTERN;ESP;2015;100;;
SCHBSP.2T3.WINTERN;ESP;2016;100;;
SCHBSP.2T3.WINTERN;ESP;2017;99.56964111328125;;
SCHBSP.2T3.WINTERN;ESP;2018;99.60958099365234;;
SCHBSP.2T3.WINTERN;ESP;2019;100;;
SCHBSP.2T3.WINTERN;ESP;2020;100;;
SCHBSP.2T3.WINTERN;ESP;2021;100;;
SCHBSP.2T3.WINTERN;ESP;2022;96.45223236083984;UIS_EST;
SCHBSP.2T3.WINTERN;EST;2000;100;;
SCHBSP.2T3.WINTERN;EST;2001;100;;
SCHBSP.2T3.WINTERN;EST;2002;100;;
SCHBSP.2T3.WINTERN;EST;2003;100;;
SCHBSP.2T3.WINTERN;EST;2004;100;;
SCHBSP.2T3.WINTERN;EST;2005;100;;
SCHBSP.2T3.WINTERN;EST;2006;100;;
SCHBSP.2T3.WINTERN;EST;2007;100;;
SCHBSP.2T3.WINTERN;EST;2008;100;;
SCHBSP.2T3.WINTERN;EST;2009;100;;
SCHBSP.2T3.WINTERN;EST;2010;100;;
SCHBSP.2T3.WINTERN;EST;2011;100;;
SCHBSP.2T3.WINTERN;EST;2012;100;;
SCHBSP.2T3.WINTERN;EST;2013;100;;
SCHBSP.2T3.WINTERN;EST;2014;100;;
SCHBSP.2T3.WINTERN;EST;2015;100;;
SCHBSP.2T3.WINTERN;EST;2016;100;;
SCHBSP.2T3.WINTERN;EST;2017;100;;
SCHBSP.2T3.WINTERN;EST;2018;100;;
SCHBSP.2T3.WINTERN;EST;2019;100;;
SCHBSP.2T3.WINTERN;EST;2020;100;;
SCHBSP.2T3.WINTERN;EST;2021;100;;
SCHBSP.2T3.WINTERN;EST;2022;96.52684783935547;UIS_EST;
SCHBSP.2T3.WINTERN;ETH;2020;20.58026030368764;;
SCHBSP.2T3.WINTERN;ETH;2021;22.92444699798908;;
SCHBSP.2T3.WINTERN;ETH;2022;10.76881980895996;;
SCHBSP.2T3.WINTERN;FIN;2000;100;;
SCHBSP.2T3.WINTERN;FIN;2001;100;;
SCHBSP.2T3.WINTERN;FIN;2002;100;;
SCHBSP.2T3.WINTERN;FIN;2003;100;;
SCHBSP.2T3.WINTERN;FIN;2004;100;;
SCHBSP.2T3.WINTERN;FIN;2005;100;;
SCHBSP.2T3.WINTERN;FIN;2006;100;;
SCHBSP.2T3.WINTERN;FIN;2007;100;;
SCHBSP.2T3.WINTERN;FIN;2008;100;;
SCHBSP.2T3.WINTERN;FIN;2009;100;;
SCHBSP.2T3.WINTERN;FIN;2010;100;;
SCHBSP.2T3.WINTERN;FIN;2011;100;;
SCHBSP.2T3.WINTERN;FIN;2012;100;;
SCHBSP.2T3.WINTERN;FIN;2013;100;;
SCHBSP.2T3.WINTERN;FIN;2014;100;;
SCHBSP.2T3.WINTERN;FIN;2015;100;;
SCHBSP.2T3.WINTERN;FIN;2016;100;;
SCHBSP.2T3.WINTERN;FIN;2017;100;;
SCHBSP.2T3.WINTERN;FIN;2018;100;;
SCHBSP.2T3.WINTERN;FIN;2019;100;;
SCHBSP.2T3.WINTERN;FIN;2020;100;;
SCHBSP.2T3.WINTERN;FIN;2021;100;;
SCHBSP.2T3.WINTERN;FIN;2022;99.74136352539062;UIS_EST;
SCHBSP.2T3.WINTERN;FRA;2000;92.68663024902344;NAT_EST;
SCHBSP.2T3.WINTERN;FRA;2005;99;NAT_EST;
SCHBSP.2T3.WINTERN;FRA;2012;100;UIS_EST;
SCHBSP.2T3.WINTERN;FRA;2015;99.60044860839844;UIS_EST;
SCHBSP.2T3.WINTERN;FRA;2018;100;UIS_EST;
SCHBSP.2T3.WINTERN;FRA;2022;99.9883804321289;UIS_EST;
SCHBSP.2T3.WINTERN;FSM;2020;46.78362573099415;;
SCHBSP.2T3.WINTERN;FSM;2021;45.61403508771929;;
SCHBSP.2T3.WINTERN;FSM;2022;45.61403508771929;;
SCHBSP.2T3.WINTERN;FSM;2023;9.195402298850574;;
SCHBSP.2T3.WINTERN;FSM;2024;9.248554913294797;;
SCHBSP.2T3.WINTERN;GBR;2012;100;UIS_EST;
SCHBSP.2T3.WINTERN;GBR;2015;100;UIS_EST;
SCHBSP.2T3.WINTERN;GBR;2018;100;UIS_EST;
SCHBSP.2T3.WINTERN;GBR;2022;94.79155731201172;UIS_EST;
SCHBSP.2T3.WINTERN;GEO;2015;99.82624816894531;UIS_EST;
SCHBSP.2T3.WINTERN;GEO;2016;100;;
SCHBSP.2T3.WINTERN;GEO;2017;100;;
SCHBSP.2T3.WINTERN;GEO;2018;100;;
SCHBSP.2T3.WINTERN;GEO;2019;100;;
SCHBSP.2T3.WINTERN;GEO;2020;100;;
SCHBSP.2T3.WINTERN;GEO;2021;100;;
SCHBSP.2T3.WINTERN;GEO;2022;99.06432748538012;;
SCHBSP.2T3.WINTERN;GEO;2023;100;;
SCHBSP.2T3.WINTERN;GEO;2024;100;;
SCHBSP.2T3.WINTERN;GHA;2018;19.935350833194;;
SCHBSP.2T3.WINTERN;GIB;2016;100;;
SCHBSP.2T3.WINTERN;GIB;2017;100;;
SCHBSP.2T3.WINTERN;GIB;2019;100;;
SCHBSP.2T3.WINTERN;GIB;2020;100;;
SCHBSP.2T3.WINTERN;GIB;2021;100;;
SCHBSP.2T3.WINTERN;GIB;2022;100;;
SCHBSP.2T3.WINTERN;GIB;2023;100;;
SCHBSP.2T3.WINTERN;GIB;2024;100;;
SCHBSP.2T3.WINTERN;GIN;2016;0;;NIL
SCHBSP.2T3.WINTERN;GMB;2022;8.857001484413656;;
SCHBSP.2T3.WINTERN;GMB;2023;9.793814432989691;;
SCHBSP.2T3.WINTERN;GMB;2024;11.25560538116592;;
SCHBSP.2T3.WINTERN;GMB;2025;12.15586615840746;;
SCHBSP.2T3.WINTERN;GRC;2012;99.24947357177734;UIS_EST;
SCHBSP.2T3.WINTERN;GRC;2015;100;UIS_EST;
SCHBSP.2T3.WINTERN;GRC;2018;99.84652709960938;UIS_EST;
SCHBSP.2T3.WINTERN;GRC;2022;95.23079681396484;UIS_EST;
SCHBSP.2T3.WINTERN;GRD;2017;100;;
SCHBSP.2T3.WINTERN;GRD;2018;100;;
SCHBSP.2T3.WINTERN;GRD;2020;100;;
SCHBSP.2T3.WINTERN;GRD;2022;100;;
SCHBSP.2T3.WINTERN;GRD;2023;100;;
SCHBSP.2T3.WINTERN;GRD;2024;100;;
SCHBSP.2T3.WINTERN;GTM;2016;44.01309967041016;;
SCHBSP.2T3.WINTERN;GTM;2022;52.88499069213867;UIS_EST;
SCHBSP.2T3.WINTERN;GUY;2023;61.73913043478261;;
SCHBSP.2T3.WINTERN;GUY;2024;66.66666666666666;;
SCHBSP.2T3.WINTERN;HKG;2012;100;UIS_EST;
SCHBSP.2T3.WINTERN;HKG;2015;100;UIS_EST;
SCHBSP.2T3.WINTERN;HKG;2016;94.10801963993454;;
SCHBSP.2T3.WINTERN;HKG;2017;95.33333333333334;;
SCHBSP.2T3.WINTERN;HKG;2018;95.1827242524917;;
SCHBSP.2T3.WINTERN;HKG;2019;95.60067681895093;;
SCHBSP.2T3.WINTERN;HKG;2020;95.97946963216424;;
SCHBSP.2T3.WINTERN;HKG;2021;100;;
SCHBSP.2T3.WINTERN;HKG;2022;100;;
SCHBSP.2T3.WINTERN;HKG;2023;100;;
SCHBSP.2T3.WINTERN;HKG;2024;100;;
SCHBSP.2T3.WINTERN;HRV;2012;100;UIS_EST;
SCHBSP.2T3.WINTERN;HRV;2015;96.65621185302734;UIS_EST;
SCHBSP.2T3.WINTERN;HRV;2018;100;UIS_EST;
SCHBSP.2T3.WINTERN;HRV;2022;97.1394271850586;UIS_EST;
SCHBSP.2T3.WINTERN;HUN;2002;78.77108001708984;UIS_EST;
SCHBSP.2T3.WINTERN;HUN;2003;84.20143127441406;UIS_EST;
SCHBSP.2T3.WINTERN;HUN;2004;89.74241638183594;UIS_EST;
SCHBSP.2T3.WINTERN;HUN;2005;96.42819213867188;NAT_EST;
SCHBSP.2T3.WINTERN;HUN;2006;98.51824188232422;NAT_EST;
SCHBSP.2T3.WINTERN;HUN;2007;98.37187194824219;NAT_EST;
SCHBSP.2T3.WINTERN;HUN;2008;98.35375213623047;NAT_EST;
SCHBSP.2T3.WINTERN;HUN;2009;98.3484878540039;NAT_EST;
SCHBSP.2T3.WINTERN;HUN;2010;98.33290100097656;NAT_EST;
SCHBSP.2T3.WINTERN;HUN;2011;98.32343292236328;NAT_EST;
SCHBSP.2T3.WINTERN;HUN;2012;100;;
SCHBSP.2T3.WINTERN;HUN;2013;100;;
SCHBSP.2T3.WINTERN;HUN;2014;100;;
SCHBSP.2T3.WINTERN;HUN;2015;100;;
SCHBSP.2T3.WINTERN;HUN;2016;100;;
SCHBSP.2T3.WINTERN;HUN;2018;97.01293182373047;UIS_EST;
SCHBSP.2T3.WINTERN;HUN;2022;98.95510864257812;UIS_EST;
SCHBSP.2T3.WINTERN;IDN;2012;72.6326675415039;UIS_EST;
SCHBSP.2T3.WINTERN;IDN;2015;55.58222961425781;UIS_EST;
SCHBSP.2T3.WINTERN;IDN;2018;61.40283966064453;;
SCHBSP.2T3.WINTERN;IDN;2021;89.17712284797199;;
SCHBSP.2T3.WINTERN;IDN;2022;91.16911849212734;;
SCHBSP.2T3.WINTERN;IDN;2023;92.80875308257038;;
SCHBSP.2T3.WINTERN;IDN;2024;85.41359920351128;;
SCHBSP.2T3.WINTERN;IDN;2025;87.07840257184823;;
SCHBSP.2T3.WINTERN;IND;2019;32.8626701550409;;
SCHBSP.2T3.WINTERN;IND;2020;37.64505409773539;;
SCHBSP.2T3.WINTERN;IND;2021;39.28722184549438;;
SCHBSP.2T3.WINTERN;IND;2022;47.80232071419259;;
SCHBSP.2T3.WINTERN;IND;2023;60.71197769274945;;
SCHBSP.2T3.WINTERN;IND;2024;64.30611467740181;;
SCHBSP.2T3.WINTERN;IRL;2012;100;UIS_EST;
SCHBSP.2T3.WINTERN;IRL;2015;100;UIS_EST;
SCHBSP.2T3.WINTERN;IRL;2018;99.23309326171875;UIS_EST;
SCHBSP.2T3.WINTERN;IRL;2022;97.01583099365234;UIS_EST;
SCHBSP.2T3.WINTERN;IRN;2012;36.26205825805664;;
SCHBSP.2T3.WINTERN;ISL;2012;99.25045776367188;UIS_EST;
SCHBSP.2T3.WINTERN;ISL;2015;100;UIS_EST;
SCHBSP.2T3.WINTERN;ISL;2018;100;UIS_EST;
SCHBSP.2T3.WINTERN;ISL;2022;96.59068298339844;UIS_EST;
SCHBSP.2T3.WINTERN;ISR;2012;85.0995101928711;UIS_EST;
SCHBSP.2T3.WINTERN;ISR;2015;78.59384155273438;UIS_EST;
SCHBSP.2T3.WINTERN;ISR;2016;85.01689910888672;;
SCHBSP.2T3.WINTERN;ISR;2017;29.78644943237305;;
SCHBSP.2T3.WINTERN;ISR;2018;91.01042938232422;;
SCHBSP.2T3.WINTERN;ISR;2019;98.0020980834961;;
SCHBSP.2T3.WINTERN;ISR;2020;99.00685119628906;;
SCHBSP.2T3.WINTERN;ISR;2022;77.41931915283203;UIS_EST;
SCHBSP.2T3.WINTERN;ITA;2012;88.91178131103516;;
SCHBSP.2T3.WINTERN;ITA;2015;99.23858642578125;UIS_EST;
SCHBSP.2T3.WINTERN;ITA;2016;88.25216674804688;NAT_EST;
SCHBSP.2T3.WINTERN;ITA;2018;99.14555358886719;UIS_EST;
SCHBSP.2T3.WINTERN;ITA;2022;96.8082275390625;UIS_EST;
SCHBSP.2T3.WINTERN;JAM;2016;72.78195190429688;;
SCHBSP.2T3.WINTERN;JAM;2017;72.78195190429688;;
SCHBSP.2T3.WINTERN;JAM;2022;93.13406372070312;UIS_EST;
SCHBSP.2T3.WINTERN;JOR;2011;82.36505032021958;;
SCHBSP.2T3.WINTERN;JOR;2012;95.11688995361328;UIS_EST;
SCHBSP.2T3.WINTERN;JOR;2015;80.51779174804688;UIS_EST;
SCHBSP.2T3.WINTERN;JOR;2017;100;;
SCHBSP.2T3.WINTERN;JOR;2018;100;;
SCHBSP.2T3.WINTERN;JOR;2019;100;;
SCHBSP.2T3.WINTERN;JOR;2020;100;;
SCHBSP.2T3.WINTERN;JOR;2021;100;;
SCHBSP.2T3.WINTERN;JOR;2022;100;;
SCHBSP.2T3.WINTERN;JOR;2023;100;;
SCHBSP.2T3.WINTERN;JOR;2024;100;;
SCHBSP.2T3.WINTERN;JPN;2012;100;UIS_EST;
SCHBSP.2T3.WINTERN;JPN;2015;98.79904174804688;UIS_EST;
SCHBSP.2T3.WINTERN;JPN;2018;99.73316955566406;UIS_EST;
SCHBSP.2T3.WINTERN;JPN;2022;99.12875366210938;UIS_EST;
SCHBSP.2T3.WINTERN;KAZ;2012;94.33878326416016;UIS_EST;
SCHBSP.2T3.WINTERN;KAZ;2018;95.8534927368164;UIS_EST;
SCHBSP.2T3.WINTERN;KAZ;2020;100;;
SCHBSP.2T3.WINTERN;KAZ;2021;100;;
SCHBSP.2T3.WINTERN;KAZ;2022;96.91555786132812;UIS_EST;
SCHBSP.2T3.WINTERN;KAZ;2023;100;;
SCHBSP.2T3.WINTERN;KAZ;2024;100;;
SCHBSP.2T3.WINTERN;KAZ;2025;100;;
SCHBSP.2T3.WINTERN;KEN;2023;30.55279194130083;;
SCHBSP.2T3.WINTERN;KGZ;2017;43.56960950764007;;
SCHBSP.2T3.WINTERN;KHM;2021;32.44444444444444;;
SCHBSP.2T3.WINTERN;KHM;2022;28.3112582781457;;
SCHBSP.2T3.WINTERN;KHM;2023;29.96151731720726;;
SCHBSP.2T3.WINTERN;KHM;2024;36.03949533735601;;
SCHBSP.2T3.WINTERN;KIR;2020;58.82352941176471;;
SCHBSP.2T3.WINTERN;KIR;2021;64.70588235294117;;
SCHBSP.2T3.WINTERN;KIR;2022;76.47058823529412;;
SCHBSP.2T3.WINTERN;KIR;2023;78.84615384615384;;
SCHBSP.2T3.WINTERN;KIR;2024;82.35294117647058;;
SCHBSP.2T3.WINTERN;KNA;2010;100;;
SCHBSP.2T3.WINTERN;KNA;2014;100;;
SCHBSP.2T3.WINTERN;KNA;2015;100;;
SCHBSP.2T3.WINTERN;KNA;2016;100;;
SCHBSP.2T3.WINTERN;KNA;2017;100;;
SCHBSP.2T3.WINTERN;KNA;2018;100;;
SCHBSP.2T3.WINTERN;KNA;2019;100;;
SCHBSP.2T3.WINTERN;KNA;2020;100;;
SCHBSP.2T3.WINTERN;KNA;2021;100;;
SCHBSP.2T3.WINTERN;KNA;2022;100;;
SCHBSP.2T3.WINTERN;KNA;2023;100;;
SCHBSP.2T3.WINTERN;KNA;2024;100;;
SCHBSP.2T3.WINTERN;KOR;2000;100;;
SCHBSP.2T3.WINTERN;KOR;2001;100;;
SCHBSP.2T3.WINTERN;KOR;2002;100;;
SCHBSP.2T3.WINTERN;KOR;2003;100;;
SCHBSP.2T3.WINTERN;KOR;2004;100;;
SCHBSP.2T3.WINTERN;KOR;2005;100;;
SCHBSP.2T3.WINTERN;KOR;2006;100;;
SCHBSP.2T3.WINTERN;KOR;2007;100;;
SCHBSP.2T3.WINTERN;KOR;2008;100;;
SCHBSP.2T3.WINTERN;KOR;2009;100;;
SCHBSP.2T3.WINTERN;KOR;2010;100;;
SCHBSP.2T3.WINTERN;KOR;2011;100;;
SCHBSP.2T3.WINTERN;KOR;2012;100;;
SCHBSP.2T3.WINTERN;KOR;2013;100;;
SCHBSP.2T3.WINTERN;KOR;2014;100;;
SCHBSP.2T3.WINTERN;KOR;2015;100;;
SCHBSP.2T3.WINTERN;KOR;2016;100;;
SCHBSP.2T3.WINTERN;KOR;2017;100;;
SCHBSP.2T3.WINTERN;KOR;2018;100;;
SCHBSP.2T3.WINTERN;KOR;2019;100;;
SCHBSP.2T3.WINTERN;KOR;2020;100;;
SCHBSP.2T3.WINTERN;KOR;2021;100;;
SCHBSP.2T3.WINTERN;KOR;2022;100;;
SCHBSP.2T3.WINTERN;KWT;2019;100;;
SCHBSP.2T3.WINTERN;KWT;2020;100;;
SCHBSP.2T3.WINTERN;KWT;2021;100;;
SCHBSP.2T3.WINTERN;LBN;2015;56.86222839355469;UIS_EST;
SCHBSP.2T3.WINTERN;LBN;2018;94.02352941176471;;
SCHBSP.2T3.WINTERN;LBN;2019;95.1071761416589;;
SCHBSP.2T3.WINTERN;LBN;2020;95.04904250350303;;
SCHBSP.2T3.WINTERN;LBN;2021;96.25592417061611;;
SCHBSP.2T3.WINTERN;LBN;2022;96.52546406473108;;
SCHBSP.2T3.WINTERN;LBN;2023;96.46059462010382;;
SCHBSP.2T3.WINTERN;LBN;2024;85.87909552376557;;
SCHBSP.2T3.WINTERN;LCA;2010;100;;
SCHBSP.2T3.WINTERN;LCA;2017;100;;
SCHBSP.2T3.WINTERN;LCA;2018;100;;
SCHBSP.2T3.WINTERN;LCA;2019;100;;
SCHBSP.2T3.WINTERN;LCA;2020;100;;
SCHBSP.2T3.WINTERN;LCA;2022;100;;
SCHBSP.2T3.WINTERN;LCA;2023;100;;
SCHBSP.2T3.WINTERN;LIE;2012;91.66667175292969;UIS_EST;
SCHBSP.2T3.WINTERN;LKA;2019;38.79232843871741;;
SCHBSP.2T3.WINTERN;LKA;2021;58.71922742024856;;
SCHBSP.2T3.WINTERN;LKA;2022;60.70239176506207;;
SCHBSP.2T3.WINTERN;LKA;2023;58.89030004762661;;
SCHBSP.2T3.WINTERN;LTU;2012;98.68408203125;UIS_EST;
SCHBSP.2T3.WINTERN;LTU;2015;100;UIS_EST;
SCHBSP.2T3.WINTERN;LTU;2017;98.92996215820312;;
SCHBSP.2T3.WINTERN;LTU;2018;99.40119934082031;;
SCHBSP.2T3.WINTERN;LTU;2019;99.59058380126953;;
SCHBSP.2T3.WINTERN;LTU;2020;99.5594711303711;;
SCHBSP.2T3.WINTERN;LTU;2021;99.5505599975586;;
SCHBSP.2T3.WINTERN;LTU;2022;93.41175842285156;;
SCHBSP.2T3.WINTERN;LTU;2023;98.70587921142578;;
SCHBSP.2T3.WINTERN;LUX;2012;100;;
SCHBSP.2T3.WINTERN;LUX;2013;100;;
SCHBSP.2T3.WINTERN;LUX;2014;100;;
SCHBSP.2T3.WINTERN;LUX;2015;100;;
SCHBSP.2T3.WINTERN;LUX;2016;100;;
SCHBSP.2T3.WINTERN;LUX;2017;100;;
SCHBSP.2T3.WINTERN;LUX;2018;100;;
SCHBSP.2T3.WINTERN;LUX;2019;100;;
SCHBSP.2T3.WINTERN;LUX;2021;100;;
SCHBSP.2T3.WINTERN;LVA;2012;98.66378021240234;UIS_EST;
SCHBSP.2T3.WINTERN;LVA;2015;100;UIS_EST;
SCHBSP.2T3.WINTERN;LVA;2016;100;;
SCHBSP.2T3.WINTERN;LVA;2018;99.43681335449219;UIS_EST;
SCHBSP.2T3.WINTERN;LVA;2022;95.7773666381836;UIS_EST;
SCHBSP.2T3.WINTERN;MAC;2012;100;UIS_EST;
SCHBSP.2T3.WINTERN;MAC;2015;100;UIS_EST;
SCHBSP.2T3.WINTERN;MAC;2016;100;;
SCHBSP.2T3.WINTERN;MAC;2017;100;;
SCHBSP.2T3.WINTERN;MAC;2018;100;;
SCHBSP.2T3.WINTERN;MAC;2019;100;;
SCHBSP.2T3.WINTERN;MAC;2020;100;;
SCHBSP.2T3.WINTERN;MAC;2021;100;;
SCHBSP.2T3.WINTERN;MAC;2022;100;;
SCHBSP.2T3.WINTERN;MAC;2023;100;;
SCHBSP.2T3.WINTERN;MAC;2024;100;;
SCHBSP.2T3.WINTERN;MAR;2017;89.12951764871326;;
SCHBSP.2T3.WINTERN;MAR;2018;89.46457112413427;;
SCHBSP.2T3.WINTERN;MAR;2019;87.79739063699155;;
SCHBSP.2T3.WINTERN;MAR;2020;87.77791426114729;;
SCHBSP.2T3.WINTERN;MAR;2021;84.00523248899988;;
SCHBSP.2T3.WINTERN;MAR;2022;83.84279475982532;;
SCHBSP.2T3.WINTERN;MAR;2023;78.12437311935807;;
SCHBSP.2T3.WINTERN;MAR;2024;82.3254036495653;;
SCHBSP.2T3.WINTERN;MCO;2016;100;;
SCHBSP.2T3.WINTERN;MCO;2017;100;;
SCHBSP.2T3.WINTERN;MCO;2018;100;;
SCHBSP.2T3.WINTERN;MCO;2019;100;;
SCHBSP.2T3.WINTERN;MCO;2020;100;;
SCHBSP.2T3.WINTERN;MCO;2021;100;;
SCHBSP.2T3.WINTERN;MCO;2022;100;;
SCHBSP.2T3.WINTERN;MCO;2023;100;;
SCHBSP.2T3.WINTERN;MCO;2024;100;;
SCHBSP.2T3.WINTERN;MDA;2015;88.35456848144531;UIS_EST;
SCHBSP.2T3.WINTERN;MDA;2016;89.18590522478736;;
SCHBSP.2T3.WINTERN;MDA;2017;87.0886075949367;;
SCHBSP.2T3.WINTERN;MDA;2018;94.16010498687663;;
SCHBSP.2T3.WINTERN;MDA;2019;97.9645436638214;;
SCHBSP.2T3.WINTERN;MDA;2020;95.33644237175216;;
SCHBSP.2T3.WINTERN;MDA;2021;96.3036303630363;;
SCHBSP.2T3.WINTERN;MDA;2022;97.88499669530734;;
SCHBSP.2T3.WINTERN;MDA;2023;98.19759679572763;;
SCHBSP.2T3.WINTERN;MDA;2024;99.26273458445041;;
SCHBSP.2T3.WINTERN;MDG;2017;1.330140994945464;;
SCHBSP.2T3.WINTERN;MDG;2018;5.580412627392493;;
SCHBSP.2T3.WINTERN;MDG;2019;5.987654320987654;;
SCHBSP.2T3.WINTERN;MDV;2017;100;;
SCHBSP.2T3.WINTERN;MDV;2018;98.88475799560547;;
SCHBSP.2T3.WINTERN;MDV;2019;99.62686920166016;;
SCHBSP.2T3.WINTERN;MDV;2023;100;;
SCHBSP.2T3.WINTERN;MDV;2024;100;;
SCHBSP.2T3.WINTERN;MEX;2012;54.79394912719727;UIS_EST;
SCHBSP.2T3.WINTERN;MEX;2015;53.72735977172852;UIS_EST;
SCHBSP.2T3.WINTERN;MEX;2016;53.40859985351563;;
SCHBSP.2T3.WINTERN;MEX;2018;44.21390151977539;UIS_EST;
SCHBSP.2T3.WINTERN;MEX;2021;41.28684997558594;;
SCHBSP.2T3.WINTERN;MEX;2022;51.80902099609375;UIS_EST;
SCHBSP.2T3.WINTERN;MHL;2021;36.36363636363637;;
SCHBSP.2T3.WINTERN;MKD;2015;99.10458374023438;UIS_EST;
SCHBSP.2T3.WINTERN;MKD;2018;88.0490493774414;UIS_EST;
SCHBSP.2T3.WINTERN;MKD;2022;97.05882263183594;UIS_EST;
SCHBSP.2T3.WINTERN;MLI;2023;18.13410313607138;;
SCHBSP.2T3.WINTERN;MLT;2015;100;UIS_EST;
SCHBSP.2T3.WINTERN;MLT;2018;100;UIS_EST;
SCHBSP.2T3.WINTERN;MLT;2022;100;UIS_EST;
SCHBSP.2T3.WINTERN;MMR;2017;4.970600128173828;;
SCHBSP.2T3.WINTERN;MMR;2018;5.859930038452148;;
SCHBSP.2T3.WINTERN;MNE;2012;100;UIS_EST;
SCHBSP.2T3.WINTERN;MNE;2015;97.5641098022461;UIS_EST;
SCHBSP.2T3.WINTERN;MNE;2018;98.78457641601562;UIS_EST;
SCHBSP.2T3.WINTERN;MNE;2022;98.10440826416016;UIS_EST;
SCHBSP.2T3.WINTERN;MNG;2016;82.79743194580078;;
SCHBSP.2T3.WINTERN;MNG;2020;100;;
SCHBSP.2T3.WINTERN;MNG;2021;100;;
SCHBSP.2T3.WINTERN;MNG;2022;100;;
SCHBSP.2T3.WINTERN;MNG;2023;100;;
SCHBSP.2T3.WINTERN;MNG;2024;100;;
SCHBSP.2T3.WINTERN;MSR;2010;100;;
SCHBSP.2T3.WINTERN;MSR;2012;100;;
SCHBSP.2T3.WINTERN;MSR;2013;100;;
SCHBSP.2T3.WINTERN;MSR;2014;100;;
SCHBSP.2T3.WINTERN;MSR;2015;100;;
SCHBSP.2T3.WINTERN;MSR;2016;100;;
SCHBSP.2T3.WINTERN;MSR;2017;100;;
SCHBSP.2T3.WINTERN;MSR;2018;100;;
SCHBSP.2T3.WINTERN;MSR;2019;100;;
SCHBSP.2T3.WINTERN;MSR;2020;100;;
SCHBSP.2T3.WINTERN;MSR;2021;100;;
SCHBSP.2T3.WINTERN;MSR;2022;100;;
SCHBSP.2T3.WINTERN;MSR;2023;100;;
SCHBSP.2T3.WINTERN;MSR;2024;100;;
SCHBSP.2T3.WINTERN;MUS;2013;97.1590909090909;;
SCHBSP.2T3.WINTERN;MUS;2014;97.1590909090909;;
SCHBSP.2T3.WINTERN;MUS;2015;98.87640449438202;;
SCHBSP.2T3.WINTERN;MUS;2016;94.85714285714286;;
SCHBSP.2T3.WINTERN;MUS;2017;93.75;;
SCHBSP.2T3.WINTERN;MUS;2018;91.06145251396647;;
SCHBSP.2T3.WINTERN;MUS;2020;100;;
SCHBSP.2T3.WINTERN;MUS;2021;100;;
SCHBSP.2T3.WINTERN;MUS;2023;100;;
SCHBSP.2T3.WINTERN;MUS;2024;100;;
SCHBSP.2T3.WINTERN;MYS;2011;96.40287769784173;;
SCHBSP.2T3.WINTERN;MYS;2012;89.20552062988281;UIS_EST;
SCHBSP.2T3.WINTERN;MYS;2016;100;;
SCHBSP.2T3.WINTERN;MYS;2017;100;;
SCHBSP.2T3.WINTERN;MYS;2018;97.48603351955308;;
SCHBSP.2T3.WINTERN;MYS;2019;97.53745928338762;;
SCHBSP.2T3.WINTERN;MYS;2020;97.67040552200173;;
SCHBSP.2T3.WINTERN;MYS;2021;97.99800872802734;;
SCHBSP.2T3.WINTERN;MYS;2022;98.20825515947466;;
SCHBSP.2T3.WINTERN;MYS;2023;98.2203710715638;;
SCHBSP.2T3.WINTERN;MYS;2024;100;;
SCHBSP.2T3.WINTERN;NAM;2020;75.67251461988303;;
SCHBSP.2T3.WINTERN;NAM;2021;78.97793263646922;;
SCHBSP.2T3.WINTERN;NAM;2022;81.82870370370371;;
SCHBSP.2T3.WINTERN;NAM;2023;80.29445073612685;;
SCHBSP.2T3.WINTERN;NAM;2024;81.25;;
SCHBSP.2T3.WINTERN;NER;2016;0;;NIL
SCHBSP.2T3.WINTERN;NER;2019;6.677937447168217;;
SCHBSP.2T3.WINTERN;NER;2021;8.758021895054737;;
SCHBSP.2T3.WINTERN;NER;2023;9.6232985121874;;
SCHBSP.2T3.WINTERN;NER;2024;9.679389312977099;;
SCHBSP.2T3.WINTERN;NIC;2022;8.837539672851562;;
SCHBSP.2T3.WINTERN;NIU;2016;100;;
SCHBSP.2T3.WINTERN;NIU;2019;100;;
SCHBSP.2T3.WINTERN;NIU;2020;100;;
SCHBSP.2T3.WINTERN;NIU;2021;100;;
SCHBSP.2T3.WINTERN;NIU;2022;100;;
SCHBSP.2T3.WINTERN;NIU;2023;100;;
SCHBSP.2T3.WINTERN;NIU;2024;100;;
SCHBSP.2T3.WINTERN;NIU;2025;100;;
SCHBSP.2T3.WINTERN;NLD;2000;100;;
SCHBSP.2T3.WINTERN;NLD;2001;100;;
SCHBSP.2T3.WINTERN;NLD;2002;100;;
SCHBSP.2T3.WINTERN;NLD;2003;100;;
SCHBSP.2T3.WINTERN;NLD;2004;100;;
SCHBSP.2T3.WINTERN;NLD;2005;100;;
SCHBSP.2T3.WINTERN;NLD;2006;100;;
SCHBSP.2T3.WINTERN;NLD;2007;100;;
SCHBSP.2T3.WINTERN;NLD;2008;100;;
SCHBSP.2T3.WINTERN;NLD;2009;100;;
SCHBSP.2T3.WINTERN;NLD;2010;100;;
SCHBSP.2T3.WINTERN;NLD;2011;100;;
SCHBSP.2T3.WINTERN;NLD;2012;100;;
SCHBSP.2T3.WINTERN;NLD;2013;100;;
SCHBSP.2T3.WINTERN;NLD;2014;100;;
SCHBSP.2T3.WINTERN;NLD;2015;100;;
SCHBSP.2T3.WINTERN;NLD;2016;100;;
SCHBSP.2T3.WINTERN;NLD;2017;100;;
SCHBSP.2T3.WINTERN;NLD;2018;100;;
SCHBSP.2T3.WINTERN;NLD;2019;100;;
SCHBSP.2T3.WINTERN;NLD;2020;100;;
SCHBSP.2T3.WINTERN;NLD;2021;100;;
SCHBSP.2T3.WINTERN;NLD;2022;100;;
SCHBSP.2T3.WINTERN;NOR;2008;100;;
SCHBSP.2T3.WINTERN;NOR;2009;100;;
SCHBSP.2T3.WINTERN;NOR;2010;100;;
SCHBSP.2T3.WINTERN;NOR;2011;100;;
SCHBSP.2T3.WINTERN;NOR;2012;100;;
SCHBSP.2T3.WINTERN;NOR;2013;100;;
SCHBSP.2T3.WINTERN;NOR;2014;100;;
SCHBSP.2T3.WINTERN;NOR;2015;100;;
SCHBSP.2T3.WINTERN;NOR;2016;100;;
SCHBSP.2T3.WINTERN;NOR;2017;98.81094360351562;;
SCHBSP.2T3.WINTERN;NOR;2018;98.92920684814453;;
SCHBSP.2T3.WINTERN;NOR;2019;98.92729187011719;;
SCHBSP.2T3.WINTERN;NOR;2020;100;;
SCHBSP.2T3.WINTERN;NOR;2021;100;;
SCHBSP.2T3.WINTERN;NOR;2022;100;;
SCHBSP.2T3.WINTERN;NPL;2020;34.75399017333984;;
SCHBSP.2T3.WINTERN;NPL;2023;47.69735705648644;;
SCHBSP.2T3.WINTERN;NPL;2024;67.47045238418693;;
SCHBSP.2T3.WINTERN;NPL;2025;94.19009914391094;;
SCHBSP.2T3.WINTERN;NRU;2020;0;;NIL
SCHBSP.2T3.WINTERN;NRU;2023;50;;
SCHBSP.2T3.WINTERN;NRU;2024;50;;
SCHBSP.2T3.WINTERN;NRU;2025;50;;
SCHBSP.2T3.WINTERN;NZL;2012;96.97197723388672;UIS_EST;
SCHBSP.2T3.WINTERN;NZL;2015;100;UIS_EST;
SCHBSP.2T3.WINTERN;NZL;2018;100;UIS_EST;
SCHBSP.2T3.WINTERN;NZL;2022;96.51780700683594;UIS_EST;
SCHBSP.2T3.WINTERN;OMN;2011;86.97478991596638;;
SCHBSP.2T3.WINTERN;OMN;2016;100;;
SCHBSP.2T3.WINTERN;OMN;2017;100;;
SCHBSP.2T3.WINTERN;OMN;2018;100;;
SCHBSP.2T3.WINTERN;OMN;2019;100;;
SCHBSP.2T3.WINTERN;OMN;2020;100;;
SCHBSP.2T3.WINTERN;OMN;2021;96.91011235955057;;
SCHBSP.2T3.WINTERN;OMN;2022;99.16294642857143;;
SCHBSP.2T3.WINTERN;OMN;2023;100;;
SCHBSP.2T3.WINTERN;OMN;2024;100;;
SCHBSP.2T3.WINTERN;PAK;2024;2.825029819249472;;
SCHBSP.2T3.WINTERN;PAN;2018;68.57877349853516;UIS_EST;
SCHBSP.2T3.WINTERN;PAN;2019;51.53004837036133;;
SCHBSP.2T3.WINTERN;PAN;2020;51.53004837036133;;
SCHBSP.2T3.WINTERN;PAN;2021;51.53004837036133;;
SCHBSP.2T3.WINTERN;PAN;2022;51.53004837036133;;
SCHBSP.2T3.WINTERN;PAN;2023;39.67185974121094;;
SCHBSP.2T3.WINTERN;PER;2012;54.20294189453125;UIS_EST;
SCHBSP.2T3.WINTERN;PER;2015;44.68288040161133;UIS_EST;
SCHBSP.2T3.WINTERN;PER;2016;71.4828872680664;;
SCHBSP.2T3.WINTERN;PER;2017;70.84554290771484;;
SCHBSP.2T3.WINTERN;PER;2018;74.2295913696289;;
SCHBSP.2T3.WINTERN;PER;2019;77.0576400756836;;
SCHBSP.2T3.WINTERN;PER;2020;75.26985168457031;;
SCHBSP.2T3.WINTERN;PER;2021;65.79547882080078;;
SCHBSP.2T3.WINTERN;PER;2022;74.75003051757812;;
SCHBSP.2T3.WINTERN;PER;2023;80.15061950683594;;
SCHBSP.2T3.WINTERN;PHL;2010;59.13162159856692;;
SCHBSP.2T3.WINTERN;PHL;2011;61.65483173819079;;
SCHBSP.2T3.WINTERN;PHL;2012;59.74107988632775;;
SCHBSP.2T3.WINTERN;PHL;2013;61.96902315595767;;
SCHBSP.2T3.WINTERN;PHL;2014;64.97179390748403;;
SCHBSP.2T3.WINTERN;PHL;2015;73.02356801909308;;
SCHBSP.2T3.WINTERN;PHL;2016;72.57256519817298;;
SCHBSP.2T3.WINTERN;PHL;2018;68.00116729736328;UIS_EST;
SCHBSP.2T3.WINTERN;PHL;2019;72.41328029148232;;
SCHBSP.2T3.WINTERN;PHL;2021;64.39972981620392;;
SCHBSP.2T3.WINTERN;PHL;2022;82.35521506887828;;
SCHBSP.2T3.WINTERN;PHL;2023;81.39106242392627;;
SCHBSP.2T3.WINTERN;PHL;2024;87.78497720182385;;
SCHBSP.2T3.WINTERN;PLW;2020;87.5;;
SCHBSP.2T3.WINTERN;PLW;2021;100;;
SCHBSP.2T3.WINTERN;PLW;2022;95.83333333333334;;
SCHBSP.2T3.WINTERN;PLW;2023;95.83333333333334;;
SCHBSP.2T3.WINTERN;POL;2000;100;;
SCHBSP.2T3.WINTERN;POL;2001;100;;
SCHBSP.2T3.WINTERN;POL;2002;100;;
SCHBSP.2T3.WINTERN;POL;2003;100;;
SCHBSP.2T3.WINTERN;POL;2004;100;;
SCHBSP.2T3.WINTERN;POL;2005;100;;
SCHBSP.2T3.WINTERN;POL;2006;100;;
SCHBSP.2T3.WINTERN;POL;2007;100;;
SCHBSP.2T3.WINTERN;POL;2008;100;;
SCHBSP.2T3.WINTERN;POL;2009;100;;
SCHBSP.2T3.WINTERN;POL;2010;100;;
SCHBSP.2T3.WINTERN;POL;2011;100;;
SCHBSP.2T3.WINTERN;POL;2012;100;;
SCHBSP.2T3.WINTERN;POL;2013;100;;
SCHBSP.2T3.WINTERN;POL;2014;100;;
SCHBSP.2T3.WINTERN;POL;2015;100;;
SCHBSP.2T3.WINTERN;POL;2016;100;;
SCHBSP.2T3.WINTERN;POL;2017;100;;
SCHBSP.2T3.WINTERN;POL;2018;100;;
SCHBSP.2T3.WINTERN;POL;2019;100;;
SCHBSP.2T3.WINTERN;POL;2020;100;;
SCHBSP.2T3.WINTERN;POL;2021;100;;
SCHBSP.2T3.WINTERN;POL;2022;100;UIS_EST;
SCHBSP.2T3.WINTERN;PRI;2023;38.67990875244141;;
SCHBSP.2T3.WINTERN;PRI;2024;100;;
SCHBSP.2T3.WINTERN;PRT;2000;100;;
SCHBSP.2T3.WINTERN;PRT;2001;100;;
SCHBSP.2T3.WINTERN;PRT;2002;100;;
SCHBSP.2T3.WINTERN;PRT;2003;100;;
SCHBSP.2T3.WINTERN;PRT;2004;100;;
SCHBSP.2T3.WINTERN;PRT;2005;100;;
SCHBSP.2T3.WINTERN;PRT;2006;100;;
SCHBSP.2T3.WINTERN;PRT;2007;100;;
SCHBSP.2T3.WINTERN;PRT;2008;100;;
SCHBSP.2T3.WINTERN;PRT;2009;100;;
SCHBSP.2T3.WINTERN;PRT;2010;100;;
SCHBSP.2T3.WINTERN;PRT;2011;100;;
SCHBSP.2T3.WINTERN;PRT;2012;98.92054748535156;;
SCHBSP.2T3.WINTERN;PRT;2013;99.86894226074219;;
SCHBSP.2T3.WINTERN;PRT;2014;99.91236114501953;;
SCHBSP.2T3.WINTERN;PRT;2015;100;;
SCHBSP.2T3.WINTERN;PRT;2016;100;;
SCHBSP.2T3.WINTERN;PRT;2017;99.95671081542969;;
SCHBSP.2T3.WINTERN;PRT;2018;98.48023986816406;;
SCHBSP.2T3.WINTERN;PRT;2019;97.94670104980469;;
SCHBSP.2T3.WINTERN;PRT;2020;97.46724700927734;;
SCHBSP.2T3.WINTERN;PRT;2021;98.0684814453125;;
SCHBSP.2T3.WINTERN;PRT;2022;97.05799102783203;UIS_EST;
SCHBSP.2T3.WINTERN;PRY;2016;21.62528038024902;;
SCHBSP.2T3.WINTERN;PRY;2022;29.39192962646484;UIS_EST;
SCHBSP.2T3.WINTERN;PSE;2016;83.9136302294197;;
SCHBSP.2T3.WINTERN;PSE;2017;88.09665871121717;;
SCHBSP.2T3.WINTERN;PSE;2018;92.88482834994463;;
SCHBSP.2T3.WINTERN;PSE;2019;92.48977206312098;;
SCHBSP.2T3.WINTERN;PSE;2020;95.86346543245588;;
SCHBSP.2T3.WINTERN;PSE;2021;97.0054707745465;;
SCHBSP.2T3.WINTERN;PSE;2022;99.14675767918088;;
SCHBSP.2T3.WINTERN;PSE;2023;98.9139515455305;;
SCHBSP.2T3.WINTERN;QAT;2011;59.83606557377049;;
SCHBSP.2T3.WINTERN;QAT;2012;96.81683349609375;UIS_EST;
SCHBSP.2T3.WINTERN;QAT;2015;98.56864166259766;UIS_EST;
SCHBSP.2T3.WINTERN;QAT;2016;100;;
SCHBSP.2T3.WINTERN;QAT;2017;100;;
SCHBSP.2T3.WINTERN;QAT;2018;100;;
SCHBSP.2T3.WINTERN;QAT;2019;100;;
SCHBSP.2T3.WINTERN;QAT;2020;100;;
SCHBSP.2T3.WINTERN;QAT;2021;100;;
SCHBSP.2T3.WINTERN;QAT;2022;100;;
SCHBSP.2T3.WINTERN;QAT;2023;100;;
SCHBSP.2T3.WINTERN;QAT;2024;100;;
SCHBSP.2T3.WINTERN;ROU;2012;89.88768005371094;UIS_EST;
SCHBSP.2T3.WINTERN;ROU;2015;95.02008819580078;UIS_EST;
SCHBSP.2T3.WINTERN;ROU;2018;100;UIS_EST;
SCHBSP.2T3.WINTERN;ROU;2022;94.37120819091797;UIS_EST;
SCHBSP.2T3.WINTERN;RUS;2012;98.46563720703125;UIS_EST;
SCHBSP.2T3.WINTERN;RUS;2015;99.16377258300781;UIS_EST;
SCHBSP.2T3.WINTERN;RUS;2018;98.98828125;UIS_EST;
SCHBSP.2T3.WINTERN;RWA;2011;17.32876712328767;;
SCHBSP.2T3.WINTERN;RWA;2012;17.15189873417722;;
SCHBSP.2T3.WINTERN;RWA;2013;17.50305997552019;;
SCHBSP.2T3.WINTERN;RWA;2014;23.30383480825959;;
SCHBSP.2T3.WINTERN;RWA;2015;27.5882012724118;;
SCHBSP.2T3.WINTERN;RWA;2016;33.23831242873433;;
SCHBSP.2T3.WINTERN;RWA;2018;54.06708633858268;;
SCHBSP.2T3.WINTERN;RWA;2019;60.7253086419753;;
SCHBSP.2T3.WINTERN;RWA;2021;55.59146735617324;;
SCHBSP.2T3.WINTERN;RWA;2022;76.86590275627128;;
SCHBSP.2T3.WINTERN;RWA;2023;78.83678440925699;;
SCHBSP.2T3.WINTERN;RWA;2024;80.74947113931702;;
SCHBSP.2T3.WINTERN;SAU;2016;100;;
SCHBSP.2T3.WINTERN;SAU;2017;100;;
SCHBSP.2T3.WINTERN;SAU;2018;100;;
SCHBSP.2T3.WINTERN;SAU;2019;100;;
SCHBSP.2T3.WINTERN;SAU;2020;100;;
SCHBSP.2T3.WINTERN;SAU;2021;100;;
SCHBSP.2T3.WINTERN;SAU;2022;100;;
SCHBSP.2T3.WINTERN;SAU;2024;100;;
SCHBSP.2T3.WINTERN;SEN;2019;46.32911392405064;;
SCHBSP.2T3.WINTERN;SEN;2020;44.09807355516637;;
SCHBSP.2T3.WINTERN;SEN;2021;64.26385583134989;;
SCHBSP.2T3.WINTERN;SEN;2022;68.22522225880803;;
SCHBSP.2T3.WINTERN;SEN;2024;67.26930320150659;;
SCHBSP.2T3.WINTERN;SGP;2012;100;UIS_EST;
SCHBSP.2T3.WINTERN;SGP;2015;99.4919662475586;UIS_EST;
SCHBSP.2T3.WINTERN;SGP;2016;100;;
SCHBSP.2T3.WINTERN;SGP;2017;100;;
SCHBSP.2T3.WINTERN;SGP;2018;100;;
SCHBSP.2T3.WINTERN;SGP;2019;100;;
SCHBSP.2T3.WINTERN;SGP;2020;100;;
SCHBSP.2T3.WINTERN;SGP;2021;100;;
SCHBSP.2T3.WINTERN;SGP;2022;100;;
SCHBSP.2T3.WINTERN;SGP;2023;100;;
SCHBSP.2T3.WINTERN;SLB;2016;14.06649616368287;;
SCHBSP.2T3.WINTERN;SLB;2018;12.04819277108434;;
SCHBSP.2T3.WINTERN;SLB;2019;9.82367758186398;;
SCHBSP.2T3.WINTERN;SLE;2017;3.028430160692213;;
SCHBSP.2T3.WINTERN;SLE;2018;4.308712121212121;;
SCHBSP.2T3.WINTERN;SLE;2019;4.210992907801418;;
SCHBSP.2T3.WINTERN;SLE;2020;4.6875;;
SCHBSP.2T3.WINTERN;SLE;2021;3.666061705989111;;
SCHBSP.2T3.WINTERN;SLE;2022;5.745599468615078;;
SCHBSP.2T3.WINTERN;SLE;2023;5.083732057416269;;
SCHBSP.2T3.WINTERN;SLE;2024;5.043013942450311;;
SCHBSP.2T3.WINTERN;SLV;2017;40.13936996459961;;
SCHBSP.2T3.WINTERN;SLV;2018;42.79145050048828;;
SCHBSP.2T3.WINTERN;SLV;2022;65.11537170410156;UIS_EST;
SCHBSP.2T3.WINTERN;SMR;2018;100;;
SCHBSP.2T3.WINTERN;SMR;2019;100;;
SCHBSP.2T3.WINTERN;SMR;2020;100;;
SCHBSP.2T3.WINTERN;SMR;2021;100;;
SCHBSP.2T3.WINTERN;SMR;2022;100;;
SCHBSP.2T3.WINTERN;SMR;2023;100;;
SCHBSP.2T3.WINTERN;SMR;2024;100;;
SCHBSP.2T3.WINTERN;SRB;2012;94.60491943359375;UIS_EST;
SCHBSP.2T3.WINTERN;SRB;2018;94.86033630371094;UIS_EST;
SCHBSP.2T3.WINTERN;SRB;2022;93.99947357177734;UIS_EST;
SCHBSP.2T3.WINTERN;SVK;2012;99.4413070678711;UIS_EST;
SCHBSP.2T3.WINTERN;SVK;2014;100;;
SCHBSP.2T3.WINTERN;SVK;2015;100;;
SCHBSP.2T3.WINTERN;SVK;2016;100;;
SCHBSP.2T3.WINTERN;SVK;2017;100;;
SCHBSP.2T3.WINTERN;SVK;2018;100;;
SCHBSP.2T3.WINTERN;SVK;2019;100;;
SCHBSP.2T3.WINTERN;SVK;2020;100;;
SCHBSP.2T3.WINTERN;SVK;2021;100;;
SCHBSP.2T3.WINTERN;SVK;2022;100;;
SCHBSP.2T3.WINTERN;SVK;2023;100;;
SCHBSP.2T3.WINTERN;SVK;2024;100;;
SCHBSP.2T3.WINTERN;SVN;2004;100;;
SCHBSP.2T3.WINTERN;SVN;2005;100;;
SCHBSP.2T3.WINTERN;SVN;2006;100;;
SCHBSP.2T3.WINTERN;SVN;2007;100;;
SCHBSP.2T3.WINTERN;SVN;2008;100;;
SCHBSP.2T3.WINTERN;SVN;2009;100;;
SCHBSP.2T3.WINTERN;SVN;2010;100;;
SCHBSP.2T3.WINTERN;SVN;2011;100;;
SCHBSP.2T3.WINTERN;SVN;2012;100;;
SCHBSP.2T3.WINTERN;SVN;2013;100;;
SCHBSP.2T3.WINTERN;SVN;2014;100;;
SCHBSP.2T3.WINTERN;SVN;2015;100;;
SCHBSP.2T3.WINTERN;SVN;2016;100;;
SCHBSP.2T3.WINTERN;SVN;2017;100;;
SCHBSP.2T3.WINTERN;SVN;2018;100;;
SCHBSP.2T3.WINTERN;SVN;2019;100;;
SCHBSP.2T3.WINTERN;SVN;2020;100;;
SCHBSP.2T3.WINTERN;SVN;2021;100;;
SCHBSP.2T3.WINTERN;SVN;2022;100;;
SCHBSP.2T3.WINTERN;SWE;2012;93.58151245117188;UIS_EST;
SCHBSP.2T3.WINTERN;SWE;2015;98.4428482055664;UIS_EST;
SCHBSP.2T3.WINTERN;SWE;2017;100;;
SCHBSP.2T3.WINTERN;SWE;2018;100;;
SCHBSP.2T3.WINTERN;SWE;2019;100;;
SCHBSP.2T3.WINTERN;SWE;2020;100;;
SCHBSP.2T3.WINTERN;SWE;2021;100;;
SCHBSP.2T3.WINTERN;SWZ;2016;69.3103448275862;;
SCHBSP.2T3.WINTERN;SWZ;2019;58.74587458745874;;
SCHBSP.2T3.WINTERN;SWZ;2022;42.72445820433436;;
SCHBSP.2T3.WINTERN;SWZ;2023;22.5609756097561;;
SCHBSP.2T3.WINTERN;SYC;2016;100;;
SCHBSP.2T3.WINTERN;SYC;2017;96.55172413793103;;
SCHBSP.2T3.WINTERN;SYC;2018;100;;
SCHBSP.2T3.WINTERN;SYC;2019;100;;
SCHBSP.2T3.WINTERN;SYC;2020;100;;
SCHBSP.2T3.WINTERN;SYC;2021;100;;
SCHBSP.2T3.WINTERN;SYC;2022;100;;
SCHBSP.2T3.WINTERN;SYC;2023;100;;
SCHBSP.2T3.WINTERN;SYC;2024;100;;
SCHBSP.2T3.WINTERN;SYR;2020;7.70235013961792;;
SCHBSP.2T3.WINTERN;SYR;2022;8.513030052185059;;
SCHBSP.2T3.WINTERN;SYR;2023;9.155839920043945;;
SCHBSP.2T3.WINTERN;SYR;2024;9.772680282592773;;
SCHBSP.2T3.WINTERN;TCA;2010;100;;
SCHBSP.2T3.WINTERN;TCA;2018;84.6153793334961;;
SCHBSP.2T3.WINTERN;TCA;2022;96.66667175292969;;
SCHBSP.2T3.WINTERN;TCA;2023;100;;
SCHBSP.2T3.WINTERN;TCA;2024;100;;
SCHBSP.2T3.WINTERN;TCD;2021;8.695652173913043;;
SCHBSP.2T3.WINTERN;TCD;2023;3.506493506493506;;
SCHBSP.2T3.WINTERN;TCD;2024;4.045707226683138;;
SCHBSP.2T3.WINTERN;TGO;2020;6.415674222051479;;
SCHBSP.2T3.WINTERN;TGO;2021;10.68624103789689;;
SCHBSP.2T3.WINTERN;TGO;2022;10.42881646655232;;
SCHBSP.2T3.WINTERN;TGO;2023;14.15343915343915;;
SCHBSP.2T3.WINTERN;TGO;2024;18.13627254509018;;
SCHBSP.2T3.WINTERN;THA;2011;96.70260782347042;;
SCHBSP.2T3.WINTERN;THA;2012;98.03510284423828;UIS_EST;
SCHBSP.2T3.WINTERN;THA;2015;98.67505645751953;UIS_EST;
SCHBSP.2T3.WINTERN;THA;2018;96.54247283935547;UIS_EST;
SCHBSP.2T3.WINTERN;THA;2019;99.66585662211422;;
SCHBSP.2T3.WINTERN;THA;2020;99.66923925027564;;
SCHBSP.2T3.WINTERN;THA;2021;99.80931626259874;;
SCHBSP.2T3.WINTERN;THA;2022;99.8705633898767;;
SCHBSP.2T3.WINTERN;THA;2023;99.84338826092878;;
SCHBSP.2T3.WINTERN;THA;2024;99.85698719694906;;
SCHBSP.2T3.WINTERN;THA;2025;99.91824499250579;;
SCHBSP.2T3.WINTERN;TKL;2019;0;;NIL
SCHBSP.2T3.WINTERN;TKL;2020;0;;NIL
SCHBSP.2T3.WINTERN;TKL;2021;100;;
SCHBSP.2T3.WINTERN;TKL;2023;100;;
SCHBSP.2T3.WINTERN;TKL;2024;100;;
SCHBSP.2T3.WINTERN;TKM;2019;28.21888412017167;;
SCHBSP.2T3.WINTERN;TKM;2020;31.10278372591007;;
SCHBSP.2T3.WINTERN;TKM;2021;30.53026245313337;;
SCHBSP.2T3.WINTERN;TKM;2022;33.97333333333334;;
SCHBSP.2T3.WINTERN;TKM;2023;37.24760892667376;;
SCHBSP.2T3.WINTERN;TKM;2024;41.66228300894267;;
SCHBSP.2T3.WINTERN;TLS;2011;63.49206349206349;;
SCHBSP.2T3.WINTERN;TLS;2023;67.46031951904297;;
SCHBSP.2T3.WINTERN;TON;2020;71.60493827160494;;
SCHBSP.2T3.WINTERN;TON;2021;44.16666666666666;;
SCHBSP.2T3.WINTERN;TON;2022;43.44262295081967;;
SCHBSP.2T3.WINTERN;TON;2023;36.45833333333333;;
SCHBSP.2T3.WINTERN;TON;2024;94.84536082474226;;
SCHBSP.2T3.WINTERN;TTO;2015;87.80867767333984;UIS_EST;
SCHBSP.2T3.WINTERN;TUN;2012;79.9378433227539;UIS_EST;
SCHBSP.2T3.WINTERN;TUN;2015;82.99844360351562;UIS_EST;
SCHBSP.2T3.WINTERN;TUN;2017;97.7683334350586;;
SCHBSP.2T3.WINTERN;TUN;2018;97.41834259033203;;
SCHBSP.2T3.WINTERN;TUN;2020;97.86260223388672;;
SCHBSP.2T3.WINTERN;TUN;2021;98.24736785888672;;
SCHBSP.2T3.WINTERN;TUN;2022;96.13287353515625;;
SCHBSP.2T3.WINTERN;TUN;2023;99.46524047851562;;
SCHBSP.2T3.WINTERN;TUR;2012;87.607177734375;UIS_EST;
SCHBSP.2T3.WINTERN;TUR;2013;100;;
SCHBSP.2T3.WINTERN;TUR;2014;100;;
SCHBSP.2T3.WINTERN;TUR;2015;100;;
SCHBSP.2T3.WINTERN;TUR;2016;100;;
SCHBSP.2T3.WINTERN;TUR;2017;100;;
SCHBSP.2T3.WINTERN;TUR;2018;100;;
SCHBSP.2T3.WINTERN;TUR;2019;100;;
SCHBSP.2T3.WINTERN;TUR;2020;100;;
SCHBSP.2T3.WINTERN;TUR;2021;100;;
SCHBSP.2T3.WINTERN;TUR;2022;100;;
SCHBSP.2T3.WINTERN;TUV;2019;0;;NIL
SCHBSP.2T3.WINTERN;TUV;2021;92.85713958740234;;
SCHBSP.2T3.WINTERN;TUV;2022;92.85714285714286;;
SCHBSP.2T3.WINTERN;TUV;2023;92.85714285714286;;
SCHBSP.2T3.WINTERN;TUV;2024;92.85714285714286;;
SCHBSP.2T3.WINTERN;TUV;2025;92.85714285714286;;
SCHBSP.2T3.WINTERN;UKR;2016;91.38190133943156;;
SCHBSP.2T3.WINTERN;UKR;2017;94.11725021925386;;
SCHBSP.2T3.WINTERN;UKR;2018;95.29715042151466;;
SCHBSP.2T3.WINTERN;UKR;2019;100;;
SCHBSP.2T3.WINTERN;UKR;2020;100;;
SCHBSP.2T3.WINTERN;UKR;2021;100;;
SCHBSP.2T3.WINTERN;UKR;2023;97.86428991843941;;
SCHBSP.2T3.WINTERN;UKR;2024;97.74859287054409;;
SCHBSP.2T3.WINTERN;URY;2009;100;;
SCHBSP.2T3.WINTERN;URY;2012;90.99696350097656;UIS_EST;
SCHBSP.2T3.WINTERN;URY;2015;100;;
SCHBSP.2T3.WINTERN;URY;2016;100;;
SCHBSP.2T3.WINTERN;URY;2017;100;;
SCHBSP.2T3.WINTERN;URY;2018;100;;
SCHBSP.2T3.WINTERN;URY;2019;100;;
SCHBSP.2T3.WINTERN;URY;2020;100;;
SCHBSP.2T3.WINTERN;URY;2022;100;;
SCHBSP.2T3.WINTERN;URY;2023;100;;
SCHBSP.2T3.WINTERN;USA;2012;100;UIS_EST;
SCHBSP.2T3.WINTERN;USA;2015;100;;
SCHBSP.2T3.WINTERN;USA;2018;100;UIS_EST;
SCHBSP.2T3.WINTERN;USA;2019;100;;
SCHBSP.2T3.WINTERN;USA;2022;100;UIS_EST;
SCHBSP.2T3.WINTERN;UZB;2017;89.86109702930143;;
SCHBSP.2T3.WINTERN;UZB;2018;87.45046235138706;;
SCHBSP.2T3.WINTERN;UZB;2019;87.99073791503906;;
SCHBSP.2T3.WINTERN;UZB;2020;83.32351208014143;;
SCHBSP.2T3.WINTERN;UZB;2021;95.93816375732422;;
SCHBSP.2T3.WINTERN;UZB;2022;92.59121022674256;;
SCHBSP.2T3.WINTERN;UZB;2023;95.02010233918129;;
SCHBSP.2T3.WINTERN;UZB;2024;97.45012078375235;;
SCHBSP.2T3.WINTERN;UZB;2025;99.98240830328086;;
SCHBSP.2T3.WINTERN;VCT;2010;100;;
SCHBSP.2T3.WINTERN;VCT;2016;100;;
SCHBSP.2T3.WINTERN;VCT;2017;100;;
SCHBSP.2T3.WINTERN;VCT;2018;96.29630279541016;;
SCHBSP.2T3.WINTERN;VEN;2022;4.338309764862061;;
SCHBSP.2T3.WINTERN;VEN;2024;70.89569854736328;;
SCHBSP.2T3.WINTERN;VGB;2010;100;;
SCHBSP.2T3.WINTERN;VGB;2016;100;;
SCHBSP.2T3.WINTERN;VGB;2017;100;;
SCHBSP.2T3.WINTERN;VGB;2018;100;;
SCHBSP.2T3.WINTERN;VGB;2019;86.66667175292969;;
SCHBSP.2T3.WINTERN;VGB;2020;86.66667175292969;;
SCHBSP.2T3.WINTERN;VGB;2021;100;;
SCHBSP.2T3.WINTERN;VGB;2022;100;;
SCHBSP.2T3.WINTERN;VGB;2023;100;;
SCHBSP.2T3.WINTERN;VGB;2024;100;;
SCHBSP.2T3.WINTERN;VNM;2012;89.48487091064453;UIS_EST;
SCHBSP.2T3.WINTERN;VNM;2015;94.60833740234375;UIS_EST;
SCHBSP.2T3.WINTERN;VNM;2018;98.98039245605469;UIS_EST;
SCHBSP.2T3.WINTERN;VNM;2020;92.68417963017316;;
SCHBSP.2T3.WINTERN;VNM;2021;89.36558982604882;;
SCHBSP.2T3.WINTERN;VNM;2022;89.13931436907366;;
SCHBSP.2T3.WINTERN;VNM;2023;93.56673960612692;;
SCHBSP.2T3.WINTERN;VNM;2024;20.19258826962358;;
SCHBSP.2T3.WINTERN;WSM;2016;22.99465240641711;;
SCHBSP.2T3.WINTERN;WSM;2017;22.99465240641711;;
SCHBSP.2T3.WINTERN;WSM;2019;46.22641509433962;;
SCHBSP.2T3.WINTERN;WSM;2021;55.81395348837209;;
SCHBSP.2T3.WINTERN;WSM;2022;58.13953488372093;;
SCHBSP.2T3.WINTERN;WSM;2023;53.02325581395348;;
SCHBSP.2T3.WINTERN;WSM;2024;52.72727272727272;;
SCHBSP.2T3.WINTERN;ZMB;2024;63.12407315867523;;
SCHBSP.2T3.WINTERN;ZWE;2015;30.4635761589404;;
SCHBSP.2T3.WINTERN;ZWE;2016;33.98197937011719;;
SCHBSP.2T3.WINTERN;ZWE;2017;36.71377944946289;;
SCHBSP.2T3.WINTERN;ZWE;2018;39.81900024414063;;
SCHBSP.2T3.WINTERN;ZWE;2019;43.26337051391602;;
SCHBSP.2T3.WINTERN;ZWE;2020;39.59732055664063;;
SCHBSP.2T3.WINTERN;ZWE;2023;49.55891619407687;;
SCHBSP.2T3.WINTERN;ZWE;2024;49.1808162049449;;